feature_name,fi_all,fi_dynamic,fi_standing,fi_sitting,fi_laying,fi_walking_up,fi_walking_down
tBodyAcc-mean()-X,0.0,0.00032654207769201193,0.0004500950666752768,0.00035256842793624806,0.0003957721869576334,0.00036762401404607684,0.00040118011220037107
tBodyAcc-mean()-Y,0.0,6.190315833662476e-05,0.0007195827669131822,0.0005450971964050651,0.0002941274951351439,0.0006945119329230284,0.00041215282496492113
tBodyAcc-mean()-Z,0.0,0.00013680374192683538,0.00013148349877505224,0.0003617269651750381,7.78743113156142e-06,0.00033446744333381754,0.000218971668589105
tBodyAcc-std()-X,0.0,0.002283058296864874,0.005706381585558399,0.001893899975317829,0.0006540277596628455,0.006789877722658562,0.025705475956485185
tBodyAcc-std()-Y,0.0,0.00021149272330156274,0.0021159882437827176,0.00037133147138850145,0.0,0.00016726456128555905,0.0013714737204558157
tBodyAcc-std()-Z,0.0,0.0002387125238171819,0.00043398437121943545,0.0005505250635798901,0.00038418653211692746,0.002104604544373318,0.0005671959846822662
tBodyAcc-mad()-X,0.0,0.003709157364494993,0.005057050295505872,0.00172355789656053,0.0012164546905795567,0.0037215818950614736,0.00867320326768652
tBodyAcc-mad()-Y,0.0,0.00048130099744794123,0.0007325131850514935,0.00017640231834187902,1.4033301246609017e-05,0.0003743606120908286,0.0019769421212992347
tBodyAcc-mad()-Z,0.0,0.0003148823623928341,0.0005569131986021747,0.0009082456616684817,1.2755038798125783e-05,0.003031747645681354,0.0002817466839417249
tBodyAcc-max()-X,0.0,0.005762615656660213,0.00020790537652388258,0.0010636475723527228,0.0014359528218275024,0.0018459777802932562,0.019844306842284373
tBodyAcc-max()-Y,0.0,0.0,0.00030160513367240375,0.00045703611362755666,7.801817575611429e-05,0.00035716546143617426,0.0006493889300877836
tBodyAcc-max()-Z,0.0,0.00015230378671979056,0.0007739818434160199,0.0003664629623958297,1.2991464645603827e-05,0.0002911232559910672,9.385703100217718e-05
tBodyAcc-min()-X,0.0,0.0011648105671104607,0.0007113345627989025,0.0005339061709079609,0.000682294581100824,0.0006910682865981865,0.00040568527767347615
tBodyAcc-min()-Y,0.0,0.00020266632466112004,0.0003338707898541751,0.00037446783035553473,0.0,0.0001662429326615437,0.00021426604691722882
tBodyAcc-min()-Z,0.0,0.00023395914381911894,0.0004979198235719698,0.0006978241561092037,0.0,0.0013531391200490115,0.00015680215002948072
tBodyAcc-sma(),0.0,0.0031628984922947444,0.0022662073671406015,0.00031270506561098326,0.00020349177699068667,0.0030019906948253383,0.008780401590071282
tBodyAcc-energy()-X,0.0,0.007920489564338114,0.007211559126536212,0.0015224935512752715,0.00017974935947209395,0.0037962602796285253,0.016969833028720308
tBodyAcc-energy()-Y,0.0,0.00010931470214118777,0.0023017918442240835,0.00021383126509368858,1.7598617811267592e-05,0.00023080430116948294,0.0013960683439629502
tBodyAcc-energy()-Z,0.0,0.0003688133650764847,0.0004318015595019532,0.00030089849136725344,0.001055558271904826,0.0012087900032872491,0.0001976073212153028
tBodyAcc-iqr()-X,0.0,0.000773055775741897,0.007110793530309318,0.002122185223833599,0.001216513858217067,0.0001703907697136012,0.008903695452876293
tBodyAcc-iqr()-Y,0.0,0.0002071560952427967,0.002236438869193377,0.0008665532721064677,8.945827504844624e-05,0.0004979666607947221,0.0011125877728911757
tBodyAcc-iqr()-Z,0.0,0.000244724217635638,0.0003227919625442746,0.0007365117878411914,1.6237200722973054e-05,0.0009021630472896783,5.923257128709316e-05
tBodyAcc-entropy()-X,0.0,0.001204009758849599,0.00013657087614293983,0.0038030648825555648,0.0004916941520793077,0.001400660778597439,0.004318506037622786
tBodyAcc-entropy()-Y,0.0,0.000338721139530409,0.00022864199630544865,0.0005145054877655854,0.0,0.00042379347531879295,9.047730645082715e-05
tBodyAcc-entropy()-Z,0.0,6.35352397132511e-05,0.0002540326738284658,0.00041600057987939,0.00011302462014388224,0.000888796863647403,5.098690771857805e-05
"tBodyAcc-arCoeff()-X,1",0.0,0.00021091177848794223,0.0007900218755366186,0.0002542217242194973,0.0,0.0005282318640089364,0.0001604206476988469
"tBodyAcc-arCoeff()-X,2",0.0,0.00016846429056974514,0.00017035415214955535,0.00046208324351547413,1.4318030282273536e-05,0.00018429915575125862,0.0002573742761627477
"tBodyAcc-arCoeff()-X,3",0.0,9.318831665023735e-05,0.00014426857615245915,0.00018507765090425407,4.921868312843174e-05,0.00019501801578581754,0.00020432975445003077
"tBodyAcc-arCoeff()-X,4",0.0,0.00029483201174379796,0.00026834733673177153,0.0003816355671794277,0.00010583251925706793,0.0003756044822647151,0.001003280070329436
"tBodyAcc-arCoeff()-Y,1",0.0,8.92937553174428e-05,0.0001809896803287589,0.0005496058224364949,0.00020262900219030375,0.00026095922542872116,0.00021119677985213548
"tBodyAcc-arCoeff()-Y,2",0.0,5.9379499583733034e-05,0.0002463911304595525,0.0003038765413845582,1.5010847071915778e-05,0.00016816236647481268,0.000122471936959728
"tBodyAcc-arCoeff()-Y,3",0.0,0.0002312156050549951,0.00017295918703706513,0.0002510587094552449,1.525724923213335e-05,9.145500187809704e-05,0.0001574583364002549
"tBodyAcc-arCoeff()-Y,4",0.0,0.00021094644300699493,0.0005934799642548523,0.00066059432120773,4.5067058348915835e-05,9.945506476114191e-05,0.00014643569199248907
"tBodyAcc-arCoeff()-Z,1",0.0,0.00015412451387148844,0.00015117006998380725,0.0005757922243961025,0.0003660838273450929,0.00018430673491822366,0.00016666991136900437
"tBodyAcc-arCoeff()-Z,2",0.0,0.00013614564620619118,0.00016688376594965813,0.0005873607384408277,3.105666359809325e-05,3.3448943254434205e-05,6.491659825987134e-05
"tBodyAcc-arCoeff()-Z,3",0.0,6.797964899456909e-05,0.00031694670978302643,0.00021345803499072148,0.0,0.000111273993223806,0.0003443609427599383
"tBodyAcc-arCoeff()-Z,4",0.0,0.00017828422541619332,0.0003595584573400911,0.00048643571422915587,6.248218796751964e-05,0.0003420072596740753,0.0003065547379139421
"tBodyAcc-correlation()-X,Y",0.0,0.013508357208946218,0.001462130660283597,0.0034582862637423484,0.0007182395207488185,0.000760170602511526,0.0024440294098135224
"tBodyAcc-correlation()-X,Z",0.0,0.00043596794096015517,0.0027101608591625134,0.0026365730373148414,0.00016749528264255978,0.0015056390035799738,0.0012246570641305482
"tBodyAcc-correlation()-Y,Z",0.0,0.00035223172928229395,0.004278691982425241,0.002310627774557814,0.011893262012050073,0.001512730531844647,0.001246407487188528
tGravityAcc-mean()-X,0.0,0.003132854586526167,0.01678694258082607,0.03291619684845295,0.052040725476245574,0.0011485803496517374,0.0007375246974298061
tGravityAcc-mean()-Y,0.0,0.0016112562393949864,0.04691533215059281,0.04150094496388483,0.05590493030054642,0.019091935425173304,0.002965523400644938
tGravityAcc-mean()-Z,0.0,0.0007955371836821988,0.02430498799749812,0.020001538311156804,0.02602351250323156,0.0022007933553816906,0.0006676078653000728
tGravityAcc-std()-X,0.0,0.005308588449319105,0.004190813737547738,0.0009113807451031129,1.5104312328284842e-05,0.0003280282512000806,9.513461186858483e-05
tGravityAcc-std()-Y,0.0,0.0021400063807704857,0.001324949571239139,0.0009447056519905815,0.00015910530929998682,0.0010350501059702532,0.0005757201365607195
tGravityAcc-std()-Z,0.0,0.0027712378355769464,0.00010473534146281841,0.00021180557318699979,5.655308311800706e-05,0.0004130925379167931,8.859343030119131e-05
tGravityAcc-mad()-X,0.0,0.006540422829586616,0.004675762689168559,0.0003269196823246826,3.2029674746167706e-05,0.00021188729201449967,0.0003687448735766828
tGravityAcc-mad()-Y,0.0,0.0028038354329708737,0.001116228867043606,0.0006915181782139303,0.0002887568150899561,0.0001921939081558205,0.0002572050119849876
tGravityAcc-mad()-Z,0.0,0.0013663401837553182,0.0001538636998163283,0.0005561390782184221,0.0001225317213552953,0.0009385231926211818,0.0001299870931188236
tGravityAcc-max()-X,0.0,0.0015047400273264103,0.02212184674646145,0.01871718244494065,0.11703372346214998,0.004522438604428778,0.001061466828669026
tGravityAcc-max()-Y,0.0,0.0007667052588570178,0.06157937902799618,0.047302689113023835,0.03398225222455164,0.017348555137457332,0.0032712494953977926
tGravityAcc-max()-Z,0.0,0.0005888243470025898,0.015280232577135743,0.009153223581623621,0.03570150952830897,0.0012148324915091126,0.0007454069689164511
tGravityAcc-min()-X,0.0,0.004642184727574097,0.012019204600247427,0.021804098322206252,0.09223386181686688,0.003800296524404106,0.0012794026200421873
tGravityAcc-min()-Y,0.0,0.0029338781305802636,0.08232174879969106,0.04293087788332421,0.06823465287001597,0.037808209949857806,0.004474483728251295
tGravityAcc-min()-Z,0.0,0.00044846070418349886,0.01428907063319413,0.005980306497902329,0.030193984472527854,0.0031602635840147515,0.0015762590241103676
tGravityAcc-sma(),0.0,0.00191880625540818,0.0038848890831397398,0.004792058263026837,0.0057844030512096845,0.0032370236074327347,0.0018373530761305768
tGravityAcc-energy()-X,0.0,0.001507992891714007,0.017073367426572603,0.026755851757652174,0.05672647176563822,0.0026687904694768314,0.000747200192749093
tGravityAcc-energy()-Y,0.0,0.004601438943405117,0.0254037153199983,0.02074612039070479,0.06082151397754901,0.01568220494985792,0.005028941994340215
tGravityAcc-energy()-Z,0.0,0.00034601305493529757,0.0073978673384119745,0.012406897021618781,0.022312576533732385,0.001114626553137222,0.0005272986367610322
tGravityAcc-iqr()-X,0.0,0.0008781838683376535,0.0001227409041385544,0.00027054508962811886,0.0019143908431544542,0.00043202139441116816,0.0002680923414977047
tGravityAcc-iqr()-Y,0.0,0.0004972268176939669,0.0005610468383972239,0.0004419918691921844,0.0007475552279163513,0.0004987185933278707,0.00036123263511340177
tGravityAcc-iqr()-Z,0.0,0.0019524629801612142,0.0002931016431197047,0.00025276886595889016,0.0006973827945565511,0.0004220117700699944,3.3451516266621855e-05
tGravityAcc-entropy()-X,0.0,0.006337920750394514,0.00011675932216653188,5.2690146640698816e-05,0.00019845863670615426,0.011690734373653085,0.000529736969612529
tGravityAcc-entropy()-Y,0.0,0.0,0.012122449084531193,0.006596534130529606,0.0011933470482906356,4.874874041711593e-06,0.0
tGravityAcc-entropy()-Z,0.0,0.0001174527909844208,0.0002828840405237371,0.00033161805814030593,0.0,1.9242999018591945e-05,3.649269675442713e-05
"tGravityAcc-arCoeff()-X,1",0.0,0.016027166043162976,0.0022280696186677256,0.0007910293896913438,0.001785649142931716,0.00404146080439271,0.0005858195224699897
"tGravityAcc-arCoeff()-X,2",0.0,0.01896145193050193,0.0005691353039609363,0.0006231279904129277,0.0005149907827738052,0.0023863092552751743,0.0005725850494957807
"tGravityAcc-arCoeff()-X,3",0.0,0.008976608424599608,0.000580512697631027,0.0007098076644576753,0.001178292591777301,0.0008109598120062641,0.0010352381049341223
"tGravityAcc-arCoeff()-X,4",0.0,0.004954845020061322,0.00044038102369505004,0.0006198585971758033,0.0002528227323785814,0.0037433367726601163,0.0009451909805714714
"tGravityAcc-arCoeff()-Y,1",0.0,0.012976794449019023,0.0023279610582400347,0.00054475144278454,0.0006862784894741419,0.02666999634396601,0.0008181729639342162
"tGravityAcc-arCoeff()-Y,2",0.0,0.008078048054162713,0.000470187889019304,0.0012688243295290208,0.00030773267514880325,0.021413766400144873,0.0022505222425896762
"tGravityAcc-arCoeff()-Y,3",0.0,0.007542181060350588,0.0010036008430015803,0.0010564832277164837,0.0006298811068259981,0.019701515056257966,0.0007677657356289102
"tGravityAcc-arCoeff()-Y,4",0.0,0.003471193123586577,0.0001278244171539611,0.0006062138982827651,4.260167552171716e-05,0.01349401034699484,0.0006536974787534106
"tGravityAcc-arCoeff()-Z,1",0.0,0.007146121639710183,0.00016569246282193494,0.0004986602267212703,0.00038520657498139135,0.020500967657631097,0.0015986982685442638
"tGravityAcc-arCoeff()-Z,2",0.0,0.005894108570560105,0.00011818061500590257,0.0007195752797345793,0.0010124103658509683,0.022905549954825615,0.0024290084415765027
"tGravityAcc-arCoeff()-Z,3",0.0,0.0021259690644833858,0.000612802823245256,0.00041092027754996506,3.485624761824109e-05,0.01659288588641587,0.001985811060178778
"tGravityAcc-arCoeff()-Z,4",0.0,0.0017653847864407108,0.0004067338928242296,0.0004448014510666378,0.00024924433943213385,0.022319763238105902,0.001192882077318113
"tGravityAcc-correlation()-X,Y",0.0,0.0001904730820021991,0.002545263995029595,0.0083502361240041,0.000312976689283988,0.00028858014439727905,0.00014729179962226353
"tGravityAcc-correlation()-X,Z",0.0,0.0001600671814868658,0.002046827277255392,0.0005451335688218405,3.071868546032118e-05,0.00026545121250049565,0.0003869208083002641
"tGravityAcc-correlation()-Y,Z",0.0,0.00026887591731756416,0.0015232332334666919,0.002140971078182523,0.013204118153692726,0.0002632052910897513,0.00011006020263655889
tBodyAccJerk-mean()-X,0.0,0.00018297906240123178,0.00010938703698965963,0.0003877098789910377,0.0,4.340839668665716e-05,3.74642746524701e-05
tBodyAccJerk-mean()-Y,0.0,0.00011330789871038808,0.00037270490881925397,0.00024369225161526852,1.0566184205865002e-05,5.4315057085001654e-05,0.0002696978065692447
tBodyAccJerk-mean()-Z,0.0,1.8263792793551772e-05,0.0006666537794421408,0.00044791078901664015,2.9134264757543833e-05,0.0001749393694772651,0.00014784778445124227
tBodyAccJerk-std()-X,0.0,0.00026405514188637035,0.00019649905486643682,0.0005801012562182263,0.0021582777640353607,0.0008464255438748731,0.00885898944687844
tBodyAccJerk-std()-Y,0.0,0.003845516126030862,0.0006750606275658808,0.0002500041347603436,0.00010765444102142883,0.0018581590692376875,0.0003942215260371231
tBodyAccJerk-std()-Z,0.0,0.0006759795274998861,0.00042839725385667197,8.661386367638549e-05,0.00019945857518553558,0.002282192256674181,0.0006223923935740165
tBodyAccJerk-mad()-X,0.0,0.0,0.0003799349632605186,0.0005859316078087237,0.0005279959737198709,0.0044402175124049655,0.003887834193077934
tBodyAccJerk-mad()-Y,0.0,0.009702456352346771,0.00021647656222685427,0.0019230053739699683,0.0,0.0024536297597911143,0.00033844029010402513
tBodyAccJerk-mad()-Z,0.0,0.00032574468182334983,0.00026486368735753114,0.0005100467163291607,2.9180974277013692e-05,0.00044295689450188716,0.00019181745940375047
tBodyAccJerk-max()-X,0.0,0.0019267085872466366,0.0005148995777928175,0.00045650929098780993,0.0,0.00025624072375847923,0.011259059652631782
tBodyAccJerk-max()-Y,0.0,0.013234014146378871,0.00014666760729574845,6.64350006820728e-05,7.885353628527442e-05,0.00031679655977185885,0.00034023192988938736
tBodyAccJerk-max()-Z,0.0,0.00032413664448379694,0.0002513688915014918,0.0004977211644021544,1.4976596339248285e-05,0.002369416068530675,0.0013368730595078343
tBodyAccJerk-min()-X,0.0,0.0003466530539005423,0.0002327262217019645,0.00043599915369477713,0.00013012468206019068,0.0006803690938216396,0.0010821592525817934
tBodyAccJerk-min()-Y,0.0,0.0002771667109680775,0.0001680488214317852,0.0001766417022291537,3.681248492895413e-05,0.00023058314016049085,0.0001887380989396065
tBodyAccJerk-min()-Z,0.0,0.0003270743173411693,0.00037894523398346406,0.00012007399813808862,0.0,0.00028855935544801534,0.00011954589973583588
tBodyAccJerk-sma(),0.0,0.00040090565130757163,0.0006545160884534061,0.0004442031370082464,0.001952437158610161,0.00163501342598106,0.0006732468256825471
tBodyAccJerk-energy()-X,0.0,0.00037366373243347475,0.0004953127356690013,0.0021591822327767045,0.0021038396450234554,0.002203311652858784,0.00519574994963776
tBodyAccJerk-energy()-Y,0.0,0.00025868397582211604,0.0001752025184911708,0.0004432520860374329,5.614260782663336e-05,0.0024143748506628058,0.0002910967274784407
tBodyAccJerk-energy()-Z,0.0,0.0031710447040874134,0.0006588044186002343,0.00030707725543726265,1.584577861023806e-05,0.0022476737567120662,6.28144861107208e-05
tBodyAccJerk-iqr()-X,0.0,0.00010137221224401311,0.00020344000675771178,0.001580369992237439,0.0018602750057751935,0.0030694724505722693,0.003939848491180863
tBodyAccJerk-iqr()-Y,0.0,0.006751222402184001,0.0004456750448422457,0.0003708981788878542,0.00024557232322400474,0.00021145058636767164,0.0004910236295601855
tBodyAccJerk-iqr()-Z,0.0,0.00012241568781819965,0.0001849164945485004,0.0018594688353391602,3.789053244748826e-05,0.002139703526453852,8.275542132611496e-05
tBodyAccJerk-entropy()-X,0.0,0.004684284475602132,0.0003096530128902402,0.00039907097987541834,0.0019694418607433995,0.0023839968581686193,0.00261283771171557
tBodyAccJerk-entropy()-Y,0.0,0.0002441660438192078,0.00017494942748102848,0.00042879411549805234,4.1044342905170786e-05,0.00035674041777059267,0.0010822149251101547
tBodyAccJerk-entropy()-Z,0.0,0.0005861021731803641,0.0003464894436842463,0.0006335602050058305,7.834540918703821e-05,0.0003032566165384447,0.0003835451447976189
"tBodyAccJerk-arCoeff()-X,1",0.0,9.878524038039577e-05,0.00085789107704595,0.0005020909594226028,1.3531820490121928e-05,0.00023558150650005347,0.00016792823407245762
"tBodyAccJerk-arCoeff()-X,2",0.0,0.00013471767060331075,0.00032114381012417036,0.00035151752840171163,1.5290818334462654e-05,0.00017862004439033046,8.104483818225141e-05
"tBodyAccJerk-arCoeff()-X,3",0.0,0.00012653243661159378,0.0006768742382206115,0.0005221889154651471,0.00010338225851243622,0.00018942763736405958,0.0003104878993385962
"tBodyAccJerk-arCoeff()-X,4",0.0,0.00038248627670549697,0.000176437917470814,0.0002572217237131422,0.00018228864153359048,0.0007165629880550808,4.5773634964022154e-05
"tBodyAccJerk-arCoeff()-Y,1",0.0,0.0001420330543277408,0.00035638637664311593,0.0003196223391332294,0.00017436690922164658,0.00024101553092274522,0.00015210912312877122
"tBodyAccJerk-arCoeff()-Y,2",0.0,0.00014294053202836162,0.00027166658070258015,0.0004284207665308198,3.256607475110652e-05,0.0001349514164699259,0.0003878512803120292
"tBodyAccJerk-arCoeff()-Y,3",0.0,0.0001359013988162148,0.0003211622773430685,0.0002642797812013706,4.950321449444768e-05,0.00014917882044928322,5.937688105321077e-05
"tBodyAccJerk-arCoeff()-Y,4",0.0,0.0003142865976082755,0.0006387501725785595,0.0007626952984319826,2.4656895027883485e-05,0.0004818572528168149,8.34266350259165e-05
"tBodyAccJerk-arCoeff()-Z,1",0.0,0.00010632763437317698,0.00046359415640368835,0.0006172814563561935,2.703305201837325e-05,0.0006376575619106893,0.00012872330208358882
"tBodyAccJerk-arCoeff()-Z,2",0.0,0.00017271978074550793,0.0003732501891294135,0.0005235353673391563,1.533334876229884e-05,5.0319853850849655e-05,0.00027821396701891435
"tBodyAccJerk-arCoeff()-Z,3",0.0,8.520817758684939e-05,0.0005068445806054464,0.0003223941065280656,1.897543469163082e-05,0.00035250305512675293,0.00019933431582637743
"tBodyAccJerk-arCoeff()-Z,4",0.0,7.900994300572098e-05,0.0006991800306325855,0.0006870401008435673,4.656552554622724e-05,0.0006398910935087818,0.0008595273802109994
"tBodyAccJerk-correlation()-X,Y",0.0,0.0032930822864271504,0.0005425223145194734,0.0005644338094711995,1.7495223741516123e-05,0.0023421619279173664,0.00010884227711339858
"tBodyAccJerk-correlation()-X,Z",0.0,0.0010526197158778618,0.0005604412915898603,0.0007441338578595661,0.00013360223292700204,0.0007156385473850684,0.0004883250167218783
"tBodyAccJerk-correlation()-Y,Z",0.0,0.0006122104441472092,0.00038883480781740906,0.0003432401833475191,5.2126249116761205e-05,0.0008420164848885713,0.0005406642777680612
tBodyGyro-mean()-X,0.0,0.0011881389861996248,0.0008255133791765377,0.0023194887641373096,0.00038443451055850944,0.00040099174621002266,0.00023406014966019433
tBodyGyro-mean()-Y,0.0,0.00028074853483288386,0.00042639574006295253,0.0007968409118247789,0.00014905751092385465,0.0005017263918564778,8.273953974435954e-05
tBodyGyro-mean()-Z,0.0,0.002035006727225624,0.0007935587589217635,0.001100464584309719,0.00023314490625039376,0.0002485521674040957,0.00010028249536808787
tBodyGyro-std()-X,0.0,0.00019897186815651075,0.0028686048350789954,0.016392122442214985,0.00018276394069440045,0.0005350805277109674,0.0005128976768677574
tBodyGyro-std()-Y,0.0,0.0003222204236483769,0.000807144242178654,0.0013187665925151306,0.0019728065865939988,0.0005679692335497885,0.0008197900841990137
tBodyGyro-std()-Z,0.0,0.000430619757110242,0.0006429381834011733,0.0016048292753030493,5.682377523990274e-05,0.0009049040087518485,0.0006886410210710023
tBodyGyro-mad()-X,0.0,0.00017306656350687139,0.0022315583920147954,0.008121576720823863,0.00032632130833469455,0.0002002501739116529,0.000599486299546463
tBodyGyro-mad()-Y,0.0,0.0005750162042851604,0.001060145049263297,0.0012545038319982647,0.0038210867053901543,0.0023213030755305625,0.00025577970363003535
tBodyGyro-mad()-Z,0.0,0.0012394068194985792,0.0005735197694401214,0.0018406184055587017,0.0007543099644499124,0.0007679316595198142,0.0009106649550821944
tBodyGyro-max()-X,0.0,0.0001381038997909428,0.005455521065110754,0.01707002600226135,0.00041961475230893635,0.0007246641065857337,0.0014859596731566242
tBodyGyro-max()-Y,0.0,2.7765476408776553e-05,0.0004259866338154453,0.0006920865328606955,0.0003277171412054148,0.00039419539005058354,0.0004806141371773372
tBodyGyro-max()-Z,0.0,0.000291595745303677,0.0042796575970125705,0.0021275930908302154,0.00021199402196933116,0.00033607718158368326,0.00042741902211196385
tBodyGyro-min()-X,0.0,0.0006843363795627722,0.0029808420398678166,0.002577953599296788,2.482620814180201e-05,0.0005716101872479381,0.002472031014965311
tBodyGyro-min()-Y,0.0,0.00010533869352670353,0.0004878586241417522,0.0009826124558114562,0.0,0.00015137270708980534,0.0007510236413736765
tBodyGyro-min()-Z,0.0,0.0002828447542677932,0.00122319473960185,0.0013341410034744287,0.000597390891733164,0.00024160385360252,0.00010709570802546744
tBodyGyro-sma(),0.0,7.343783262405439e-05,0.004720939989273826,0.0003990083077696388,0.0,0.00029378578070645377,0.00033798883301708706
tBodyGyro-energy()-X,0.0,0.0004828336132663602,0.0029454446460151257,0.005221182362406473,0.00020746617655008104,0.0010031815334234414,0.0006748700053109637
tBodyGyro-energy()-Y,0.0,0.0002172713521046002,0.0007918998103123552,0.0010791142798800457,7.104205757314006e-06,0.0005656956641030844,0.000731863647430432
tBodyGyro-energy()-Z,0.0,0.0005113565263866354,0.005084447296492009,0.0013164627386115472,0.00017289785738738305,0.0014573059481333799,0.0008321259405612569
tBodyGyro-iqr()-X,0.0,0.0003702062703203627,0.005255476917367008,0.012027504584020585,7.696765995696281e-05,0.00022821353191363386,0.0013530328748379771
tBodyGyro-iqr()-Y,0.0,0.00015995500204378738,0.0005704845289774143,0.0011783123768462193,0.00036813000045930316,0.00012777395109451312,0.0001947800263369198
tBodyGyro-iqr()-Z,0.0,0.0003709968014173156,0.001051636940127109,0.00077309871380007,0.0006753106656798084,0.0014431320425255358,0.0001953638341045246
tBodyGyro-entropy()-X,0.0,0.000740875796233529,0.0011431657350105457,0.004680563382413294,0.000615374798966739,7.130580800939599e-05,0.00017308152007904643
tBodyGyro-entropy()-Y,0.0,0.0003846155840219286,0.0004510986572554467,0.0005622909077675268,0.00016109255267176542,0.00029610905639340635,0.0005031999440045687
tBodyGyro-entropy()-Z,0.0,0.00033230056421180683,0.0005437636473073488,0.0014736500075158887,0.00016651989613006526,0.000797938681036125,0.0001866420526446159
"tBodyGyro-arCoeff()-X,1",0.0,0.00016198413509251378,0.005051700134518156,0.0010649834845132477,2.3034262252574752e-05,0.00013232575190755367,0.00022709058595450605
"tBodyGyro-arCoeff()-X,2",0.0,1.6601742147819696e-05,0.00032036438106674685,0.0004595748434159413,5.696860097268887e-05,0.00013267159402334367,0.0002228586628121316
"tBodyGyro-arCoeff()-X,3",0.0,0.0002661847164433612,0.0005054240861986849,0.0004368620544064227,2.750507376864558e-05,6.27898202441138e-05,0.00026574135610291864
"tBodyGyro-arCoeff()-X,4",0.0,0.00023344170692159863,0.0004190523608190929,0.0012344131310421962,0.0,0.00022404643178174406,8.110459533744124e-05
"tBodyGyro-arCoeff()-Y,1",0.0,0.0003144274171103166,0.0007948838819064205,0.0011150208056023017,0.0001894328794535132,3.4066276308322165e-05,0.0003812298453619281
"tBodyGyro-arCoeff()-Y,2",0.0,7.864507927235264e-05,0.0005270471569028376,0.0007064422506054557,4.742840663841357e-05,0.00018541836612106832,0.00010936387521195379
"tBodyGyro-arCoeff()-Y,3",0.0,0.0001748636575146409,0.00023520028395360862,0.0003070131860459535,0.00012678792687675789,5.306476665836624e-05,0.00015274776067206964
"tBodyGyro-arCoeff()-Y,4",0.0,0.00028543975922547976,0.0005116916874822019,0.000284386966844287,0.00012956629142002856,0.0004946770849812502,0.0001079612187504416
"tBodyGyro-arCoeff()-Z,1",0.0,7.753319154619114e-05,0.00020507644707344486,0.0006041374303019103,0.0,0.00010773944514825653,0.00014546641334429596
"tBodyGyro-arCoeff()-Z,2",0.0,0.00016994498932395248,0.00033463268471310974,0.0003276861177115995,9.068331733189173e-05,0.0002124873196475804,0.00013325323199646187
"tBodyGyro-arCoeff()-Z,3",0.0,0.0002305816570676332,6.82090007469614e-05,0.0004535566624218526,1.4264348677917759e-05,0.00014888449192689162,3.5792467430780096e-05
"tBodyGyro-arCoeff()-Z,4",0.0,0.0013291206012165271,0.00030782540800943056,0.00036727147431018825,0.00020639510400579888,0.0002400782742431444,0.00010232875344286719
"tBodyGyro-correlation()-X,Y",0.0,0.00032686368569069687,0.0020222149363577392,0.0013865774680531604,0.00014208636991347554,0.0006638510140420981,0.0002566772517716477
"tBodyGyro-correlation()-X,Z",0.0,0.0005794942753011709,0.0017462486088267882,0.0010586945030306972,5.515478031816433e-05,0.001278905058612996,0.000982500125370376
"tBodyGyro-correlation()-Y,Z",0.0,0.0010639089730853297,0.0006378424827551465,0.0015223016076940275,0.00012802636444534516,0.001927800542715257,0.0040274173516853026
tBodyGyroJerk-mean()-X,0.0,0.00013145137015831504,0.0004279330323282354,0.0014039300947710541,4.9756744803184435e-05,0.00021996021970617743,0.00045270768551142513
tBodyGyroJerk-mean()-Y,0.0,0.00011940222775500883,0.00019748658114246523,0.0001819740257058021,0.0,0.00011104505721317257,0.00018504532389922778
tBodyGyroJerk-mean()-Z,0.0,0.00010149413967716773,0.0008693289058574866,0.0023227574465008722,1.430670747603094e-05,3.45019190448896e-05,0.00011680155870147397
tBodyGyroJerk-std()-X,0.0,0.003929320726485695,0.0018842585093984396,0.003085601859319401,0.0002179509805780921,0.0006652605388423662,0.0003069263624379034
tBodyGyroJerk-std()-Y,0.0,0.0,0.0004754074013141846,0.0008068537345551291,8.740781101191167e-05,0.0004070183102887463,0.00013268895465309383
tBodyGyroJerk-std()-Z,0.0,0.006492326460454052,0.0004579685025024083,0.00034239976071307707,0.00017596207454935244,0.0028528173721157424,7.474042283688914e-05
tBodyGyroJerk-mad()-X,0.0,0.010538430860649664,0.0026241012774730755,0.0024411814982724265,0.0003257866253473966,0.0004827435625526627,0.001126781471227884
tBodyGyroJerk-mad()-Y,0.0,0.00022831313320857038,0.0002675642550051521,0.0003774456750802616,0.00050363808333993,0.0001182976958043937,0.0005214904493207747
tBodyGyroJerk-mad()-Z,0.0,0.0196375109995664,0.0004020498976053413,0.0003945754469520293,0.0040429811593166096,0.00257432737897134,0.00010428487576786603
tBodyGyroJerk-max()-X,0.0,0.0031469082660624615,0.001210703933852327,0.002593852138837542,0.00013633166131002042,0.0004916254544859506,0.00040120057883007116
tBodyGyroJerk-max()-Y,0.0,6.796133124106696e-05,0.0006176086009354301,0.0005995871837359639,0.00014413586222961235,9.898997820791209e-05,0.0003194247876825729
tBodyGyroJerk-max()-Z,0.0,0.00034569858628306053,0.00047969307723005623,0.0005940874951468313,0.0,0.0008593561045480827,0.00043613101108462234
tBodyGyroJerk-min()-X,0.0,0.0002210501139608109,0.0013472074170503608,0.0032931672151731007,0.00010439300331826815,0.001191960757186698,0.0003397470767621509
tBodyGyroJerk-min()-Y,0.0,0.00037062387635370704,0.0006844125736373959,0.00516615512880318,0.00019769038219955113,0.0005895366927787364,0.0008073972505110622
tBodyGyroJerk-min()-Z,0.0,0.0028671976663455397,0.00023139814881828792,0.0006455741864891198,0.00011366807811802969,0.0002862354773562371,7.203409426845034e-05
tBodyGyroJerk-sma(),0.0,0.0060921409518974005,0.00021038872114289276,0.0003280051146080255,0.0019397295825294722,0.0020944346222243684,0.00013870923362340224
tBodyGyroJerk-energy()-X,0.0,0.019014887605021503,0.002270934569496667,0.004881991304022275,7.078890707827777e-05,0.0004519047509931449,0.0002987156873710714
tBodyGyroJerk-energy()-Y,0.0,0.0003907728574299758,0.0008087648075211511,0.0023640512634145205,0.00014611080209398067,0.0008908323594056533,0.0008026163773962938
tBodyGyroJerk-energy()-Z,0.0,0.003643169837947438,0.0004620998988266255,0.0004784241922341367,0.0021272690469033035,0.0028539312760366346,0.00022390702219207023
tBodyGyroJerk-iqr()-X,0.0,0.004086537177728296,0.002505746962854385,0.0073176211273226835,0.0019110443066503717,0.00021419123037312707,0.00035391560099197906
tBodyGyroJerk-iqr()-Y,0.0,0.0002535348654084614,0.0002376917425336314,0.0006704601073099473,0.0023188541288233413,0.000715974353610317,0.00011937621862877249
tBodyGyroJerk-iqr()-Z,0.0,0.006370139789329356,0.00052880962825265,0.00029834873126862235,0.00011038373719145402,0.002015077639102466,0.0001330571404116322
tBodyGyroJerk-entropy()-X,0.0,0.0002727046862018858,0.002179435586614503,0.0048027556567463246,5.1967377019700574e-05,0.0005590479258726003,0.00018124060327080751
tBodyGyroJerk-entropy()-Y,0.0,0.00010486154558785378,0.000266103709831436,0.0007150561910633385,0.00016493860256138745,0.0001001375287210886,0.00012220048844465458
tBodyGyroJerk-entropy()-Z,0.0,0.00034311988527881333,0.0008661251866897255,0.0007872042204497301,0.004149750714780187,0.002915554765725791,0.0005027670433376935
"tBodyGyroJerk-arCoeff()-X,1",0.0,0.00012428073545887655,0.005549215038805425,0.0016811466167683158,1.4773906487431976e-05,0.00033144464035007783,0.00015684775680523412
"tBodyGyroJerk-arCoeff()-X,2",0.0,0.00022840789986388753,0.0005088708448273211,0.00028803851013006586,9.075479722767e-06,0.00030724234340693895,0.00010500176839223007
"tBodyGyroJerk-arCoeff()-X,3",0.0,3.616684184508052e-05,0.0011079192692602412,0.0024510114053111222,0.0001089673459576675,5.797057236081721e-05,0.00013096639661892308
"tBodyGyroJerk-arCoeff()-X,4",0.0,8.55147108094834e-05,0.0001730530341863228,0.0005686003220548281,0.00012914334314851472,0.0004197329359364027,0.0002083115176202301
"tBodyGyroJerk-arCoeff()-Y,1",0.0,0.0002406228186095557,0.0004049431512011993,0.0007556999922962996,0.000484670286474841,0.0001051716599137408,0.00016423341479327252
"tBodyGyroJerk-arCoeff()-Y,2",0.0,0.0001545027218142913,0.0003593243627749115,0.00030523771037649865,0.0001389674924605705,0.00017379078257153888,7.939222935373837e-05
"tBodyGyroJerk-arCoeff()-Y,3",0.0,0.00017297360608939282,0.00046149221429958614,0.00037232465964239756,1.7699343369841455e-05,0.00020371896617576434,0.00020433910461714212
"tBodyGyroJerk-arCoeff()-Y,4",0.0,0.00014119177680443207,0.0010856993651628128,0.0007840294947978676,5.303417724881784e-05,0.00017248838965690317,0.0001368175024578161
"tBodyGyroJerk-arCoeff()-Z,1",0.0,0.0003674304724363942,0.0005351569398038374,0.0005472931467931259,0.0001851555927361216,0.00046518489522227966,0.0001222380182430959
"tBodyGyroJerk-arCoeff()-Z,2",0.0,0.00016838004112127428,0.0005469254993601304,0.0002873584559568732,2.515422810516164e-05,0.000213419252807973,4.807840775294457e-05
"tBodyGyroJerk-arCoeff()-Z,3",0.0,0.0002960932818678655,0.0005495924219582437,0.0004839876203507538,2.103764418316374e-05,0.00044595750794482067,0.0002591070947340791
"tBodyGyroJerk-arCoeff()-Z,4",0.0,4.648477915706528e-05,0.0007238373025905327,0.00044646976657370454,2.9258621342178457e-05,0.0007704419209125848,0.00020244228629751854
"tBodyGyroJerk-correlation()-X,Y",0.0,0.00028784813844842335,0.002128367594426169,0.001656358149618918,0.00012623168125568484,0.00178451920564452,0.00019812146027138665
"tBodyGyroJerk-correlation()-X,Z",0.0,0.0016938470941391802,0.0005293459499043404,0.0006190852856995515,0.00032577267497458664,0.0008227166911681372,0.00043969949168905627
"tBodyGyroJerk-correlation()-Y,Z",0.0,0.0005938760388941033,0.0006547896972361733,0.000749792397411781,9.020489731466371e-05,0.0004204737969004067,0.00010028179851798331
tBodyAccMag-mean(),0.0,0.006845385103410332,0.004083872359588567,0.0002106097557248174,0.0,0.004710569706602431,0.0012605985084814214
tBodyAccMag-std(),0.0,0.01917712986590478,0.0066766010471073275,0.0004555455145773181,4.091568848084558e-05,0.004620828823496535,0.03588195356543257
tBodyAccMag-mad(),0.0,0.010418948257167075,0.002429484315191953,0.0005029418096211347,0.00027587578903547153,0.0026441029858792374,0.02779864236340111
tBodyAccMag-max(),0.0,0.004849217232936393,0.00029283091822856046,0.00010224512427617176,1.0576614350199258e-05,0.0023645784329851213,0.0084106979784829
tBodyAccMag-min(),0.0,0.00011044958183364412,0.00040503006108377185,0.00023377258760160787,9.324551921787981e-05,0.0002376110260024607,0.0002692175679275452
tBodyAccMag-sma(),0.0,0.006002115900316411,0.006154686393479274,0.00011804429685886458,0.00011300312204891523,0.0045925582817926665,0.004895144559986222
tBodyAccMag-energy(),0.0,0.0020725504065639043,0.004109013373862091,0.00016544776022249814,0.0,0.0028665407417361208,0.0006573439106470525
tBodyAccMag-iqr(),0.0,0.005019926792130326,0.0007460561128534722,0.00021274093882388387,0.0,0.0017591577969855578,0.009046775449741373
tBodyAccMag-entropy(),0.0,0.003466963622176454,6.893640867015926e-05,0.00025302547875426007,1.528070580186315e-05,0.00024232024813651028,0.00016933084601939333
tBodyAccMag-arCoeff()1,0.0,0.009273342994012501,0.0002909644033323742,0.0002588913513814147,1.9064746040042876e-05,0.001279292829276199,0.0009836923004260527
tBodyAccMag-arCoeff()2,0.0,0.002153877797714615,0.0004211121605343381,0.00030766539343974144,6.875088464123928e-05,0.0012825477209557348,0.00035645160845072994
tBodyAccMag-arCoeff()3,0.0,9.09697549353541e-05,0.0004748551394682209,0.0007610896387521223,0.0,6.802000074717657e-05,0.00045802609793901643
tBodyAccMag-arCoeff()4,0.0,0.00018423416597721908,0.00025354145911449466,0.0005168870511176368,4.608935619769405e-05,0.0006169022106613431,3.7301984818155886e-05
tGravityAccMag-mean(),0.0,0.006395022315489319,0.004113825324552891,0.0010752890659686196,0.00018437350479691165,0.002552110757645724,0.00493697780116869
tGravityAccMag-std(),0.0,0.015332274063355456,0.003950575852025019,0.000620946578167939,0.00022610607380877195,0.0024208050413116198,0.0401052682524167
tGravityAccMag-mad(),0.0,0.016438205003558942,0.0020933616882671605,0.0005704248223142608,0.0,0.004205556649294405,0.03176073558007376
tGravityAccMag-max(),0.0,0.0033589562991641463,0.0022371316305961914,0.00016739618200678044,5.3819318856750866e-05,0.0024876442779491648,0.021076956777968565
tGravityAccMag-min(),0.0,4.361660128446714e-05,0.00038603306073736916,0.00019070073721676493,8.768285676966149e-05,0.0007285327020544349,5.611016458390489e-05
tGravityAccMag-sma(),0.0,0.0016087033815256652,0.004770236862109197,0.0008861926808452541,0.0,0.0005484322108270098,0.0015450605451975189
tGravityAccMag-energy(),0.0,0.007146245379134601,0.006393643370979207,0.00015148786938094146,1.5116778078913342e-05,0.007803176562818748,0.017626159097033762
tGravityAccMag-iqr(),0.0,0.003354916703610197,0.00016404501072051465,0.00016270996949016114,9.124673116105825e-07,0.0004334809891258171,0.002154223976571925
tGravityAccMag-entropy(),0.0,0.00025085827972647095,0.004125233421416215,0.0006418035236414577,3.774962694407543e-05,0.0009032949357523352,0.011938276566781326
tGravityAccMag-arCoeff()1,0.0,0.014835140594952372,9.328718545292703e-05,0.00036735473848123023,2.7307274911687546e-05,0.00269180640374643,0.0012998670277908882
tGravityAccMag-arCoeff()2,0.0,0.005982737103858958,0.00022296877021948168,0.0003574742291371688,2.3524476651126396e-05,0.0005855433202103093,0.0004366141547640987
tGravityAccMag-arCoeff()3,0.0,0.00016458525559487645,0.00011881952493567353,0.000357289295233581,2.8379931636862925e-05,0.00021915128687327319,0.00039577531399167637
tGravityAccMag-arCoeff()4,0.0,0.00016506549888027037,0.0002426734523555702,0.0003664884523751779,1.5539366389558024e-05,9.180595038663722e-05,0.0002461762309575709
tBodyAccJerkMag-mean(),0.0,0.0004971109243264387,0.00043144946086631883,0.001074672719280602,0.0020650846739531346,0.007070521329504678,0.0003396058685195591
tBodyAccJerkMag-std(),0.0,0.0005159783189180411,0.00021404171311665253,0.0004013344418219793,0.0,0.0009390507324020565,0.000845477863274039
tBodyAccJerkMag-mad(),0.0,0.0008346703975418758,0.0003163952383238023,0.0001481921214266548,4.3890303624362314e-05,0.014118511361241072,0.002979611078198871
tBodyAccJerkMag-max(),0.0,0.00032984227823214257,0.000246014804340245,0.0002930174737113678,0.0,0.00022372521995147934,0.00029297288070404963
tBodyAccJerkMag-min(),0.0,0.00011530682874294571,0.00048702143389280057,0.0002698653148290671,0.0,0.00047444975891648467,0.00026932163678270235
tBodyAccJerkMag-sma(),0.0,0.0007756781243836669,0.00016514035110259836,0.0006085781906668268,0.0,0.0006067329389919609,0.0035108731662592562
tBodyAccJerkMag-energy(),0.0,0.0005626094473924594,0.0005771925230748042,0.0003783157709926785,0.0,0.004697851443187666,0.00013141370555379332
tBodyAccJerkMag-iqr(),0.0,0.000707527036259606,0.0003886546046589072,0.00035899485286483736,0.00012976567311080952,0.004623540786047399,0.00011339273353271511
tBodyAccJerkMag-entropy(),0.0,0.00039207195282144546,0.00047697787876402456,0.0019314342687521732,0.0,0.002818633302067361,0.00012149343497808527
tBodyAccJerkMag-arCoeff()1,0.0,0.00019322277175492781,0.0002454952255802116,0.0003789085475740832,1.553450359285955e-05,0.00013482586538197093,0.00028024110367207773
tBodyAccJerkMag-arCoeff()2,0.0,0.0003375033834140468,0.0003861162697594633,0.00036865197476114366,3.544340986688996e-05,0.0005369065353187683,0.00014919583022854986
tBodyAccJerkMag-arCoeff()3,0.0,0.00022562672889475094,0.00037388871409340334,0.0004813458367333396,0.0,2.328440616090151e-05,0.00029923408031296835
tBodyAccJerkMag-arCoeff()4,0.0,0.0005579072015677404,0.0001595724342731303,0.0003368185434926067,4.419654779786038e-05,0.00021401758313581597,0.00019028540678397418
tBodyGyroMag-mean(),0.0,0.0005296004585636523,0.004455053130933127,0.0014025113600573114,0.0,0.0024357476890968202,0.0005450743257173589
tBodyGyroMag-std(),0.0,0.00041456556274297536,0.00019388776351052155,0.000781947660835893,5.005926852758859e-06,0.00018446089465803232,0.0003758750803765611
tBodyGyroMag-mad(),0.0,0.00022938061171181684,0.00037773269626231775,0.0007314564970583244,0.0002950455891264937,0.0005582128160906578,1.940654104396795e-05
tBodyGyroMag-max(),0.0,0.00019450415658748969,0.0003121188392369936,0.0003500735742325496,0.0,0.0002667589495369507,0.0003389132523918837
tBodyGyroMag-min(),0.0,0.00013853797403317342,0.0002849055862088466,0.0006988034070508323,0.0,0.00019297492663514706,7.966119045400734e-05
tBodyGyroMag-sma(),0.0,0.0003357641782604476,0.006172668945492082,0.00033933914860770554,1.0576614350199256e-05,0.0007134322285523393,0.0001272421640239444
tBodyGyroMag-energy(),0.0,0.0005242992251632984,0.00042699981753980946,0.0008219753931275266,9.917440012857289e-05,0.0026183204168153643,0.00040239640400492133
tBodyGyroMag-iqr(),0.0,0.0001203626739045924,0.00028325000714656554,0.0006557660104175638,1.9019131570557003e-05,0.0001007413653664269,0.00013376275641313208
tBodyGyroMag-entropy(),0.0,0.0007770258053723289,0.0003314264204149982,0.0008184073452540035,6.0972065162914715e-05,0.0005065217938691939,0.00028608992240407576
tBodyGyroMag-arCoeff()1,0.0,0.00047317158546338013,0.00041081361424528923,0.00018843267424655492,0.00013642624575342763,0.00038426821403415905,4.854419399912544e-05
tBodyGyroMag-arCoeff()2,0.0,0.00013057326621755376,0.0005723273758040118,0.0004017627099686703,0.0,0.0002597024599568635,0.0001786313547742082
tBodyGyroMag-arCoeff()3,0.0,9.350692557379452e-05,0.00042189602959432043,0.0006564068537233027,9.839499020012791e-05,0.00030487188886854134,0.00026026635756786615
tBodyGyroMag-arCoeff()4,0.0,9.663367868189278e-05,0.0004007919697803385,0.00033853964098372357,0.0,0.0002317191890840392,0.00020688004187863521
tBodyGyroJerkMag-mean(),0.0,0.004266470717716149,0.0003888063236738449,0.0020791333545015027,0.0019397866267304481,0.001082685451733365,0.0001861675683657592
tBodyGyroJerkMag-std(),0.0,0.00027027970597207876,0.00013869050270315085,0.00048063311823454727,8.030813419253923e-05,0.00010855285924933249,0.00023764284387925677
tBodyGyroJerkMag-mad(),0.0,0.0034202983220404655,0.0003555732267355096,0.0019897076466940953,4.1275704900223885e-05,0.00016706285254736053,0.0004166588774350077
tBodyGyroJerkMag-max(),0.0,0.0001788714717977685,0.0004746263727721254,0.0005653357471435975,5.849168217465064e-05,0.0003027797248051675,0.0006844310034047634
tBodyGyroJerkMag-min(),0.0,0.00026250775898970175,0.00027374199152328967,0.00032545040445416495,1.4873363929967704e-05,0.0005222412391907668,0.0002844592772869415
tBodyGyroJerkMag-sma(),0.0,0.009396800395861552,0.0001010899630014747,0.003690662618767142,0.0,0.000985600627285584,0.0003547588169105667
tBodyGyroJerkMag-energy(),0.0,0.00027671247913370036,0.00010866518644841266,0.0005889268813990252,0.0,0.00047886093867307336,0.000345042298800531
tBodyGyroJerkMag-iqr(),0.0,0.0009396836986453215,0.00033650088533059247,0.00026708818865327824,1.9564938819592207e-06,0.00022806073035307588,0.0004693160290557641
tBodyGyroJerkMag-entropy(),0.0,0.003223389502857566,0.0006852186622392213,0.0003952491741187728,0.0,0.00026263152925960255,0.0003779484698232704
tBodyGyroJerkMag-arCoeff()1,0.0,0.0003525781442108134,0.0005378819532065532,0.0003432107113925391,0.00013681799333383854,0.00013581080573809158,0.0008353349804478116
tBodyGyroJerkMag-arCoeff()2,0.0,5.943010378624731e-05,0.0005076916746684188,0.0006988342935916596,0.00011649497693016205,0.00018225143553589525,0.00020647556084941456
tBodyGyroJerkMag-arCoeff()3,0.0,0.00028654672503154754,0.00026404932567829415,0.00039014939049574827,1.4993225652197012e-05,0.0002452402467835018,0.0001829340486424451
tBodyGyroJerkMag-arCoeff()4,0.0,0.00026307575612837317,0.0006041380600899732,0.0005486322281024543,0.0,0.00012727359002504815,0.0001185887643599158
fBodyAcc-mean()-X,0.0,0.0005354458697533816,0.0015750404998341222,0.0003390138683165403,0.000991213299667807,0.004148350307212229,0.018946465672455046
fBodyAcc-mean()-Y,0.0,0.00015314418698698657,0.00021018395163108837,0.00044534322646109083,7.31102834388473e-05,0.000298925742206661,0.00030634424257549117
fBodyAcc-mean()-Z,0.0,0.00042881803640508573,0.0002443066705397362,0.0016759083120306349,0.0,0.00029130623402194605,0.0005132858616514736
fBodyAcc-std()-X,0.0,0.013980060498445794,0.003499508103848028,0.0023327817831751848,0.0005997330952765185,0.004774957310834842,0.01064081119555791
fBodyAcc-std()-Y,0.0,0.0002223576198701158,0.0009212566422424805,0.00048743809647562223,0.00010083896356427627,0.0009176008541990875,0.001269156751846093
fBodyAcc-std()-Z,0.0,0.00015011778480979578,0.00018502448374194195,0.001224956023970282,6.719474213920646e-05,0.010937816503563675,0.0006448923174251623
fBodyAcc-mad()-X,0.0,0.0028634941269103428,0.0024941965077179807,0.0010613054684692194,0.0002247874911553423,0.001155250583998761,0.016536196460928947
fBodyAcc-mad()-Y,0.0,0.00022296644885098964,0.000597801489040043,0.00018461248164464484,7.142194108921965e-05,0.000133270399242477,0.00025102040412096403
fBodyAcc-mad()-Z,0.0,0.0003297325785828005,0.00011864168851033218,0.0004334833704876782,2.1504350225332597e-05,0.001097699376291269,0.0003328540255455063
fBodyAcc-max()-X,0.0,0.01405622228495275,0.00925606202524479,0.0024345950398908674,0.000977427476981154,0.009173954963887712,0.008447017307047161
fBodyAcc-max()-Y,0.0,0.0009246036388979818,0.00048362214442269143,0.0009642170275957944,0.0010224866599401678,0.010552041047228419,0.0023008430057846908
fBodyAcc-max()-Z,0.0,0.000492588941774694,0.0001324620038746448,0.0007975058290776156,6.318241120928248e-05,0.012293090758455725,0.00023666284157257536
fBodyAcc-min()-X,0.0,0.00016799351184989885,0.0002798928066208065,0.00043722017183327205,4.313742148380823e-05,6.0571432086536e-05,1.745676986362488e-05
fBodyAcc-min()-Y,0.0,0.0001481428043261425,0.00019032508481966472,0.0001842188085357977,2.990905206616616e-05,1.8383983992607373e-05,0.00018081982570979593
fBodyAcc-min()-Z,0.0,0.00010889585349847333,0.0007401074133785699,0.00039495612009055633,3.0640155602183554e-05,0.00022219507265117174,0.00016315764088772238
fBodyAcc-sma(),0.0,0.0005879029662640402,0.0018981830097708383,0.000993247238574371,0.0022864080137588315,0.0005723732577420398,0.004731614666867116
fBodyAcc-energy()-X,0.0,0.007336654679798635,0.0028179361815661593,0.0006718331773155657,0.0005407638262615124,0.005189659739914119,0.021472141117242844
fBodyAcc-energy()-Y,0.0,0.00012507796450499412,0.001990187583735941,0.00026573331876962933,0.000768150129666611,0.00021488515074032048,0.0006893794755999409
fBodyAcc-energy()-Z,0.0,0.0001571326865065174,0.00030546575946003207,0.0005475236348863566,0.000571845468349942,0.004802663824075818,0.0013348714554078343
fBodyAcc-iqr()-X,0.0,0.00038231456273931297,0.000531540897149281,0.0020902198800381317,0.0007638115861794371,0.0002287711529557588,0.0008172553320066762
fBodyAcc-iqr()-Y,0.0,0.0005946378668932104,0.00023427227520289917,0.0001974432012005422,2.6300409117475167e-05,0.00020316743223854655,5.673983242370696e-05
fBodyAcc-iqr()-Z,0.0,0.003272016621024088,9.039140649368279e-05,0.0005182621231508131,2.418184559887669e-05,0.0026952886522217394,0.0008276817248281819
fBodyAcc-entropy()-X,0.0,0.00030060975620230533,0.00010265485388306529,0.002216413945646406,0.0006556857193739505,0.00012905429064588773,0.0007916310055508945
fBodyAcc-entropy()-Y,0.0,0.0027210448584450908,0.0010600278009803047,0.00026895962138114216,0.0006544404641371883,0.00012305243719422463,0.00012813924911336407
fBodyAcc-entropy()-Z,0.0,0.00016475367268805704,0.00022258770683420608,0.0015919746433694136,2.615528439794287e-05,0.0004800477320803548,0.0007706482104913124
fBodyAcc-maxInds-X,0.0,0.0003594454186567424,0.0008415149194437371,0.0002679262668613789,0.0043039145625305385,0.0,0.00045914200065282843
fBodyAcc-maxInds-Y,0.0,0.0006488217149343501,0.00021847504171822394,0.0002803361739885897,4.4694861157430165e-05,0.0009072786466442765,0.00019076455974733548
fBodyAcc-maxInds-Z,0.0,0.0003026213798074961,0.0002883965616354124,5.899813151480082e-05,3.123933879768771e-05,0.0003501091746692171,0.0002462181997127029
fBodyAcc-meanFreq()-X,0.0,0.00024459228719153744,0.0009706571011710578,0.0006241478601460245,0.002437359610375853,5.720431770569565e-05,0.00022883699366643882
fBodyAcc-meanFreq()-Y,0.0,0.0003959216760133733,0.0008631134856745884,0.00022750890901562695,0.0,0.0004600020595967549,0.00016310492645284447
fBodyAcc-meanFreq()-Z,0.0,0.002915244399961575,0.00027296247871357434,0.0004325023786935863,0.0,0.00729084605288439,0.0006899559426694189
fBodyAcc-skewness()-X,0.0,0.002069031794009307,0.011835088524604106,0.0006727932276300973,0.0014742785502477544,0.0013749805837666522,7.363073869016547e-05
fBodyAcc-kurtosis()-X,0.0,0.0016856722860255596,0.014185846453780383,0.0006161244411741504,0.0004656340791176193,0.0003600308524875553,0.00027813359562038083
fBodyAcc-skewness()-Y,0.0,0.0009328111154350372,0.00023237949671664143,0.00019818792378891858,0.0004075259018302326,0.004688744949019751,0.0015649486897562866
fBodyAcc-kurtosis()-Y,0.0,0.0004981428738523268,0.0003791958897382048,0.0004787707036683921,0.0,0.0029400226165808567,0.0027451202672499567
fBodyAcc-skewness()-Z,0.0,0.00032899664105190803,0.00022300343270379407,0.000333473069114001,0.00017633939688610516,0.00038481125140561517,0.0010712397789577723
fBodyAcc-kurtosis()-Z,0.0,0.0002917050386229272,0.0003920018578193261,0.0003367453523431447,0.00025713216773818275,0.0015195892034309657,0.0005966221536795039
"fBodyAcc-bandsEnergy()-1,8",0.0,0.011999304660396264,0.008294041829184804,0.007759477458472166,0.0002096152734369114,0.017678628395309273,0.009553098683064538
"fBodyAcc-bandsEnergy()-9,16",0.0,0.0008155570324340619,0.001148479889551216,0.0004660391976690302,0.0009713339027766171,6.639435552541247e-05,0.005671858985926605
"fBodyAcc-bandsEnergy()-17,24",0.0,0.0005052364340086253,0.00038220024905658294,0.0003131421854008826,2.570790335163563e-05,0.00032012721317169305,0.00019101573813559708
"fBodyAcc-bandsEnergy()-25,32",0.0,0.00029887532594220626,8.958335777173757e-05,0.0002725512270763304,4.3581694139021634e-05,0.00021745269928103242,8.083213075107734e-05
"fBodyAcc-bandsEnergy()-33,40",0.0,0.0001518396468124577,0.00019337629310740476,0.0014556678141822937,1.3569408880372269e-05,0.00012307167880736377,0.0037512444969434017
"fBodyAcc-bandsEnergy()-41,48",0.0,0.0002701009111993011,0.0001232087246224667,0.0019489030728730245,3.791811804678349e-05,0.001694809251130139,0.0045537374008158705
"fBodyAcc-bandsEnergy()-49,56",0.0,8.89514108607627e-05,0.00024169396650541565,0.0002144052918149386,0.0,8.199450596554474e-05,0.00010312808950695776
"fBodyAcc-bandsEnergy()-57,64",0.0,0.0001509865687956238,0.00019129323453280573,0.00045842151439417345,0.0,1.9454352210683183e-05,6.426593135731777e-05
"fBodyAcc-bandsEnergy()-1,16",0.0,0.011981027321063376,0.007458136677894942,0.0008129426007850383,0.0004631182612561481,0.003794680041475529,0.01262710808105858
"fBodyAcc-bandsEnergy()-17,32",0.0,0.00012656828525226072,0.0001960961487038438,0.0006507885765784633,0.0,0.0005627899332965345,0.00039011436859519874
"fBodyAcc-bandsEnergy()-33,48",0.0,0.0003743642125248712,0.00023837840200904094,0.0008092877503181152,0.00016613549094237958,4.24006820666496e-05,0.0005627155764980348
"fBodyAcc-bandsEnergy()-49,64",0.0,0.00021749445760709183,0.00012380125149806103,0.00017947104275606903,1.2188159942611168e-06,0.00015297678411096852,0.00011200428103309402
"fBodyAcc-bandsEnergy()-1,24",0.0,0.008082808441419159,0.0028044984927034227,0.004200465154275557,0.00012448080074180395,0.006952828447611321,0.021010179966114637
"fBodyAcc-bandsEnergy()-25,48",0.0,0.0001916018646407328,0.000510618228425523,0.0002833245748478702,0.0,0.00018782734928850814,0.0010192265074786106
"fBodyAcc-bandsEnergy()-1,8.1",0.0,0.0030007730061023365,0.001663032997757451,0.00019660654816532378,0.0006926056430767498,0.013012624668366841,0.0009124598774808784
"fBodyAcc-bandsEnergy()-9,16.1",0.0,0.005947875564035162,0.00010703902569055144,0.00030209540289536486,0.0,0.0016802020257689029,0.00023190195218573528
"fBodyAcc-bandsEnergy()-17,24.1",0.0,0.0027813435653978253,0.00026218046791703144,0.0005051004806273549,0.0,0.0006880077118400367,0.00035733436010501
"fBodyAcc-bandsEnergy()-25,32.1",0.0,0.0004242745860886808,0.0002785758444593543,0.00024040500449734123,0.0,8.924515922595245e-05,3.337272493244982e-05
"fBodyAcc-bandsEnergy()-33,40.1",0.0,0.00023629949279173145,0.00021484356027443697,0.0006559878581675268,0.0,8.834855201042595e-05,2.1062338628778493e-05
"fBodyAcc-bandsEnergy()-41,48.1",0.0,8.655387801468892e-05,0.0004952546584251263,0.00028085098991340404,7.447609853946893e-05,0.0003469101869754931,0.0001287525196965766
"fBodyAcc-bandsEnergy()-49,56.1",0.0,0.00020730115383530204,0.0002555115317773238,0.00022240198840464418,0.00010097633420177638,0.000196004479944047,0.0001508772032761655
"fBodyAcc-bandsEnergy()-57,64.1",0.0,0.0001345657449174675,0.000183796906028044,0.00046563240393189916,0.0,0.00014048301793569663,0.00028844474730429126
"fBodyAcc-bandsEnergy()-1,16.1",0.0,0.00015715783306034578,0.0022248735137652366,0.0006672815541731837,2.954306722689075e-05,0.000442529768271972,0.0011812977960991636
"fBodyAcc-bandsEnergy()-17,32.1",0.0,0.0006916032263442148,0.0002771348988961513,0.00020037315320363023,0.0,6.756366708160467e-05,0.00044614197189889534
"fBodyAcc-bandsEnergy()-33,48.1",0.0,9.033901750433067e-05,0.001946919146258276,0.00031059684510039256,3.0476992228001755e-05,0.0001878064139950493,0.00018220911103589604
"fBodyAcc-bandsEnergy()-49,64.1",0.0,0.00014147167535865697,0.00018413949466740097,0.00038890461199031647,8.515376252068653e-05,0.00012671826419345008,5.82106693304875e-05
"fBodyAcc-bandsEnergy()-1,24.1",0.0,0.00017285503443047868,0.0008579266906163755,0.000273267401007935,0.0003455616227680707,0.0001210378669135991,0.0007704163116812874
"fBodyAcc-bandsEnergy()-25,48.1",0.0,0.0004745696909897871,0.00010885458015965938,0.0004932645485282981,3.0760453921588024e-05,0.00019627960747282597,0.00023555768986630542
"fBodyAcc-bandsEnergy()-1,8.2",0.0,0.00025146112384873706,0.00036581891391592223,0.0014957417360551386,3.4775629833662355e-05,0.01534655632366935,0.0010526624927205766
"fBodyAcc-bandsEnergy()-9,16.2",0.0,0.000485159694128424,0.0014555128703933546,0.0006267689673259334,7.0751507840772e-05,0.0010911189300538077,6.508354844346363e-05
"fBodyAcc-bandsEnergy()-17,24.2",0.0,0.025240346568161483,0.00043479790890143464,0.00047015472242732106,0.00011144017512309787,0.003134806253255611,0.0021453362455373178
"fBodyAcc-bandsEnergy()-25,32.2",0.0,0.0009894698735916307,0.0003492547477423777,0.0005011354300856608,0.0,0.0006201301804181101,0.00020236097790742518
"fBodyAcc-bandsEnergy()-33,40.2",0.0,0.00026707077357181105,0.00022038290133421102,0.0003599555302304619,0.0,0.0003893641066974669,0.0002866959618898962
"fBodyAcc-bandsEnergy()-41,48.2",0.0,0.00013898863472118148,0.0004669753248665125,0.00024269244671157154,4.1134458928161156e-05,0.0002171018345608581,0.0002705267116606364
"fBodyAcc-bandsEnergy()-49,56.2",0.0,0.0001289637042953118,0.00025227430330282115,0.00012266559813961942,3.991898632992072e-05,0.0003675524256415993,0.0001737488670923905
"fBodyAcc-bandsEnergy()-57,64.2",0.0,0.00014809406070871421,0.00014058852015767637,0.0002055955157504902,9.018047074946252e-05,0.00018770207964493725,0.00010621088027596573
"fBodyAcc-bandsEnergy()-1,16.2",0.0,0.00041494484942969384,0.00028844287422512586,0.0004605492812279864,0.0005654872701631282,0.006730677730551044,0.0003578035151163536
"fBodyAcc-bandsEnergy()-17,32.2",0.0,0.006848298172189785,0.0021882347872274463,0.00014087065254658914,0.00010583899567840452,0.009028234837143581,0.0009030771802198116
"fBodyAcc-bandsEnergy()-33,48.2",0.0,0.0002650911760975292,0.00017892614321657883,0.00022812760326691614,0.0,0.00019007235639230454,0.0004736630600131252
"fBodyAcc-bandsEnergy()-49,64.2",0.0,0.00021673269913699997,0.0002602321024553109,0.0005052296573006259,0.00011055016064436314,0.00017761594344724692,3.124417794588624e-05
"fBodyAcc-bandsEnergy()-1,24.2",0.0,0.0002687173906829085,0.00033368952511628734,0.000454286942504702,0.000526804038768047,0.004298465092166668,0.0001441066777087948
"fBodyAcc-bandsEnergy()-25,48.2",0.0,0.0031074652048643635,0.00044617170758377346,0.00015496276678779425,2.7549912634198096e-05,0.0006979628814528872,0.0005004422824914997
fBodyAccJerk-mean()-X,0.0,4.6274561818333464e-05,0.000564381812212639,0.00235928475012521,0.003947463571741784,0.00031690011906703374,0.005983994695898594
fBodyAccJerk-mean()-Y,0.0,0.00014695098180082518,8.980054438226769e-05,0.00027333116287351646,0.0,0.001357088645014817,0.00024634537764018456
fBodyAccJerk-mean()-Z,0.0,0.0034251711572911903,0.002148441812900246,0.0007165339884792801,2.711676812396237e-05,0.005176512375554912,0.0008470323065636995
fBodyAccJerk-std()-X,0.0,0.00014130968551701942,8.66777690186661e-05,0.000920893664987179,0.0004332618090061055,0.002225268100187347,0.009052327553469987
fBodyAccJerk-std()-Y,0.0,0.01679189346616332,0.00037991234776420767,0.0002079528603861348,8.7092015186981e-05,0.0023412980319880653,9.46032266648592e-05
fBodyAccJerk-std()-Z,0.0,0.001334489602775075,0.002396528486983476,0.00012452888700188812,0.00011202314411836906,0.0007370271030712191,4.649159404120808e-06
fBodyAccJerk-mad()-X,0.0,0.00013171705096995674,6.516164855560153e-05,0.000451352640047984,0.00022325089319021155,0.00026887680498922397,0.0003603293992129785
fBodyAccJerk-mad()-Y,0.0,0.003214409388455819,0.00036662150916461593,0.00035186089645906124,2.8515932711610285e-05,0.0018312371525025916,7.296708539097909e-05
fBodyAccJerk-mad()-Z,0.0,0.0017773635122589116,0.000170079095454416,0.000643939844165462,4.8567959993536505e-05,0.0012935404564279958,0.00021582631646835412
fBodyAccJerk-max()-X,0.0,0.0005425532980570737,0.00011417614879046576,0.0021624844351311547,0.0002793546119872573,0.0005425383662547915,0.0004772736579208701
fBodyAccJerk-max()-Y,0.0,0.00653541043455108,0.0001971545563182055,0.00014901835181836662,6.174479361743632e-05,0.0012458590323618966,0.00026562481334078524
fBodyAccJerk-max()-Z,0.0,0.0005944082366934425,0.00016760699533128166,0.0005428335010250037,3.25195355203416e-05,0.0006731675219713441,4.063965938947782e-05
fBodyAccJerk-min()-X,0.0,9.937812582641177e-05,0.0002951246126327377,0.00021844039413639616,4.511209279496216e-05,0.00013339830624019587,1.7269736842105262e-05
fBodyAccJerk-min()-Y,0.0,7.668928362825192e-05,0.0004519976983459451,0.00013274354581815795,1.1765721811924196e-05,0.0001094310406736722,0.00013747969707082316
fBodyAccJerk-min()-Z,0.0,0.0001151793601281599,0.00022021716991054276,0.00032252623606710863,5.505621044566972e-05,9.06489244320925e-05,0.0001690435690123994
fBodyAccJerk-sma(),0.0,0.0005700532395729156,0.00017178370153765016,0.0005143091244466369,0.00011212943583678587,0.003262605014051029,0.00033077680081260445
fBodyAccJerk-energy()-X,0.0,0.00014387491240524668,0.0002616964472783666,0.001009021460879055,0.00416903656271952,0.0006149669742103708,0.00032935025092402473
fBodyAccJerk-energy()-Y,0.0,0.012073800720738898,0.00040694405843114595,0.0002018476406652639,2.2551564767540986e-05,0.0028950722469770268,0.0002016952769872514
fBodyAccJerk-energy()-Z,0.0,0.0007758423948391591,0.0007907227810626763,0.002294308739277933,1.374848992634738e-05,0.004609190103046379,0.0002406356359191006
fBodyAccJerk-iqr()-X,0.0,0.00016302335816240041,0.000569727262174619,0.00035339610623995945,0.00014481811464247285,8.8096238249356e-05,0.00023929919974520326
fBodyAccJerk-iqr()-Y,0.0,0.0027814752555380203,0.00016748981647032673,0.0001921228491646283,2.4251644326300392e-05,0.0007999436514012468,7.028263818751651e-05
fBodyAccJerk-iqr()-Z,0.0,0.000516940790983387,0.00022505863136882353,0.00021810315126246103,0.0,0.0027189531651671266,0.0005122232978865868
fBodyAccJerk-entropy()-X,0.0,0.00012609668978838426,8.028039625280133e-06,4.514334161605498e-05,0.0016803044292881015,0.0006379090434502708,0.00010072107585711376
fBodyAccJerk-entropy()-Y,0.0,0.0002740679381626514,1.5256631800906583e-05,4.22392944284457e-05,0.0,0.0001598399415332492,0.0002964678270626245
fBodyAccJerk-entropy()-Z,0.0,0.0003619049088549097,3.624391613878252e-05,0.0019008982580121128,0.0,0.007372077620167513,0.0002739858250235002
fBodyAccJerk-maxInds-X,0.0,0.009016844973642978,0.000245072105686321,0.0002506357736216267,0.0002031470687135709,0.005617358550091693,0.000988149386223334
fBodyAccJerk-maxInds-Y,0.0,0.0004365955386155876,0.00013880375232781564,0.0003507561369299205,0.00010446891556318271,0.00024089735839390834,5.507610988742206e-05
fBodyAccJerk-maxInds-Z,0.0,0.0023614374372721188,0.0002832986890823104,0.0002406811870270647,0.0,0.013045458085617504,0.0008571149878343157
fBodyAccJerk-meanFreq()-X,0.0,5.607101948726904e-05,0.0006257265317242338,0.00033921972579252827,2.895142839734732e-05,0.00035373103068459433,0.00033402453075225116
fBodyAccJerk-meanFreq()-Y,0.0,0.0002645542283857518,0.00046971487754493037,0.00043005131785352,6.988179161882913e-05,7.398724349033255e-05,9.464435412445152e-05
fBodyAccJerk-meanFreq()-Z,0.0,0.000320366584185372,0.0004996237339584945,0.000922965646920049,0.0,0.0035999546710124065,0.00015384562734021057
fBodyAccJerk-skewness()-X,0.0,0.0002982142826295495,0.0002565962761896358,0.00025785257762153034,2.3557658916657942e-05,0.00023949092787742068,0.000908163230029687
fBodyAccJerk-kurtosis()-X,0.0,0.0006257832881103121,0.000425791955677884,0.0002809367916745438,9.079215831625017e-05,0.00010797522312234721,0.0006149149855910758
fBodyAccJerk-skewness()-Y,0.0,0.0005502061731420312,0.0003956558922467706,0.0006742592131189626,0.0,0.0003431864718428736,0.0001392405104105326
fBodyAccJerk-kurtosis()-Y,0.0,0.0006234930528137908,0.0004715383899831132,0.00044576161653768866,0.0,0.00018398331066524692,0.00022200547560844735
fBodyAccJerk-skewness()-Z,0.0,0.0003196319170794363,0.00024726425704674264,0.0005032480146674583,4.896616964573818e-05,0.0001287108396259813,0.00039763244234424996
fBodyAccJerk-kurtosis()-Z,0.0,0.0002443577146071099,0.00048298909001717944,0.0003802529484064174,1.2156166913448426e-05,0.00023449114249862903,0.00046346950039989897
"fBodyAccJerk-bandsEnergy()-1,8",0.0,0.003353603691668511,0.0004998294176122758,0.001730817784417632,0.003498520747305908,0.004273602645043732,0.02187546637924908
"fBodyAccJerk-bandsEnergy()-9,16",0.0,0.00011163747662615447,0.0010043521740617227,0.0006974572387279114,0.0003862136232837897,0.00025254891668091977,0.0012177219275939374
"fBodyAccJerk-bandsEnergy()-17,24",0.0,0.0026316940396224242,0.0001989335573886168,0.0005114356500833314,4.103333824941727e-05,0.00016656781962385385,0.0006511021299792375
"fBodyAccJerk-bandsEnergy()-25,32",0.0,5.213911411210531e-05,0.0002099133063489972,0.0002893916537254855,0.00016233565441122074,0.00011068095161295854,1.0898461082220367e-05
"fBodyAccJerk-bandsEnergy()-33,40",0.0,0.00038153065035999653,0.0002875154119082381,0.0021004367831966306,0.0018659221435678186,0.00024667003979983833,0.00036726430683051554
"fBodyAccJerk-bandsEnergy()-41,48",0.0,0.00015427970993932164,0.00019203625396525036,0.002260078158032302,0.0019650984924753905,0.0010000502652615687,0.003807703341645651
"fBodyAccJerk-bandsEnergy()-49,56",0.0,6.34795159371728e-05,0.00032913614294693223,0.00033310215417089507,1.3585093978969292e-05,9.837529021054552e-05,0.00018505501276045496
"fBodyAccJerk-bandsEnergy()-57,64",0.0,0.00010954726735108628,0.00047844177825785375,0.00038530336151414396,8.179247936026483e-05,7.487752343572025e-05,0.00021249048697684534
"fBodyAccJerk-bandsEnergy()-1,16",0.0,0.0015549077805504371,0.0006290038786921204,0.0030025847816151185,0.0027738622795401235,0.005879414445113566,0.009656280011212678
"fBodyAccJerk-bandsEnergy()-17,32",0.0,0.0003132227337239701,0.00012015984835857488,0.002886197595251652,9.987386972319643e-05,0.0003430984648791658,0.00023691911380831397
"fBodyAccJerk-bandsEnergy()-33,48",0.0,0.00017138984280116077,0.0001349239291646392,0.0014124490878075831,0.001971946795882428,0.0005697988767717743,0.0009110018101927986
"fBodyAccJerk-bandsEnergy()-49,64",0.0,0.0001703861497282833,0.00016170272378303977,0.0003030696306252778,1.5160267357701386e-05,0.00017036957157654068,4.504365198004046e-05
"fBodyAccJerk-bandsEnergy()-1,24",0.0,0.00014891067174274287,0.000907319414466068,0.001453632304208634,0.00225660245333501,0.004582256630276822,0.005782932201276133
"fBodyAccJerk-bandsEnergy()-25,48",0.0,0.00041075359752703835,0.00022734328880375093,0.0003510933871349739,1.3637249172024156e-05,3.790446160193318e-05,0.0004483967985225844
"fBodyAccJerk-bandsEnergy()-1,8.1",0.0,0.0003454272794797546,0.0012950390899678207,0.0007466152912270829,0.0004388331144332113,0.0008711081858420807,0.00042769031022764554
"fBodyAccJerk-bandsEnergy()-9,16.1",0.0,0.0010227527954918972,0.0002924131561353981,0.00015686354828852163,0.0,0.0009060354747299509,7.086502150645384e-05
"fBodyAccJerk-bandsEnergy()-17,24.1",0.0,0.0008772885526282437,0.0002085834020770097,0.00021257165723182622,9.276897007015383e-05,0.0018379850154924778,0.0010018710981186372
"fBodyAccJerk-bandsEnergy()-25,32.1",0.0,0.0002445218984776473,0.0003766021409834969,0.00029499199662918617,0.0,9.154930261338014e-05,0.00032011419312342565
"fBodyAccJerk-bandsEnergy()-33,40.1",0.0,0.00011751517885185001,0.0003371985386363461,0.00036920322865632843,2.8084402839053107e-06,0.00014479876602691214,0.00021582673643239615
"fBodyAccJerk-bandsEnergy()-41,48.1",0.0,0.00020887025680242765,0.0002702390667210355,0.00025346228375837474,0.0,0.00016220019395006723,0.00011481498098148858
"fBodyAccJerk-bandsEnergy()-49,56.1",0.0,0.0001709283877788613,0.0003577329116849612,0.00022626248639337663,0.0,0.0003275502800599191,5.843152476538594e-05
"fBodyAccJerk-bandsEnergy()-57,64.1",0.0,0.00012611050773145876,9.394578372892697e-05,0.00016512542604715352,0.0,0.00012402169017354444,0.00019900309734108295
"fBodyAccJerk-bandsEnergy()-1,16.1",0.0,0.0004893849892608791,0.00011007397408870648,0.0007083017410384762,0.0018578676663619674,0.0002737618894693556,0.0002518062126601358
"fBodyAccJerk-bandsEnergy()-17,32.1",0.0,0.003757423486609784,0.00029909248295113627,0.0002689095078499681,3.70067314179388e-05,0.00448368716273587,9.879164080558595e-05
"fBodyAccJerk-bandsEnergy()-33,48.1",0.0,0.0002448775333801041,0.00010846181896451773,0.0002469924273834031,0.00014078420007922145,0.0002846194721623007,0.00030536132685446096
"fBodyAccJerk-bandsEnergy()-49,64.1",0.0,0.00024251601065209677,0.0003191079056785392,0.00026231249669410946,3.0276135184176427e-05,0.00012830264654879343,0.0002569077082262819
"fBodyAccJerk-bandsEnergy()-1,24.1",0.0,0.009987439192755757,0.00043308111381945563,0.00018666081191869366,0.00011399563438894969,0.0023337453723682954,0.0006153386866354681
"fBodyAccJerk-bandsEnergy()-25,48.1",0.0,0.0030574073945127504,0.0002846565737549018,0.00028875070215851514,7.256630331589877e-05,0.0002262947977734462,0.00020160527361793394
"fBodyAccJerk-bandsEnergy()-1,8.2",0.0,0.0001793161822655529,0.0024879904011648394,0.0011826482657773295,0.0,0.006370534054942943,0.00026864743971333655
"fBodyAccJerk-bandsEnergy()-9,16.2",0.0,0.0006054414838690425,0.00045104383792137355,0.00026430177029160436,8.2900436640239e-05,0.0009648096906849234,0.0011736157061769462
"fBodyAccJerk-bandsEnergy()-17,24.2",0.0,0.014012982153728967,0.00022003824082767482,0.0003171609158524476,2.945697259041582e-05,0.0013864634337595705,0.0010761099266274256
"fBodyAccJerk-bandsEnergy()-25,32.2",0.0,0.001187768937713464,0.00016891988528460632,0.0002111043892186032,6.009409113261754e-05,0.0005954551793663818,0.0010118588020521702
"fBodyAccJerk-bandsEnergy()-33,40.2",0.0,0.0002563189445810705,0.00019042456970034128,0.0020645342313800694,0.0,0.0006506713678650887,0.0002351672280626269
"fBodyAccJerk-bandsEnergy()-41,48.2",0.0,0.00014100943678708907,0.00021436025282509381,0.00039742220951673055,5.453822254526646e-05,0.0002715036377660565,0.0007281287172924586
"fBodyAccJerk-bandsEnergy()-49,56.2",0.0,0.0029681091244154693,0.0001622898655584871,0.0004009404437190478,4.436312636817323e-05,0.00012259313372899155,0.00010894855251616307
"fBodyAccJerk-bandsEnergy()-57,64.2",0.0,3.710393936307377e-05,0.00016193244122222477,0.0001896355287309059,3.315207295093173e-05,6.912734367765746e-05,0.00012341133506000397
"fBodyAccJerk-bandsEnergy()-1,16.2",0.0,0.00020379494112074615,0.0005715820458974882,0.0005537811393418575,0.0,0.0004291406142315904,6.299779451140744e-05
"fBodyAccJerk-bandsEnergy()-17,32.2",0.0,0.004321817997749588,0.00018507066220906397,0.00058125092592935,3.401435300041398e-05,0.004396328690028072,0.0010654534974000086
"fBodyAccJerk-bandsEnergy()-33,48.2",0.0,4.646647636705468e-05,0.00032491793028604864,0.0003879296365614357,5.76338311113504e-06,0.00028243487337886264,0.0003492845880262256
"fBodyAccJerk-bandsEnergy()-49,64.2",0.0,7.329966918376319e-05,0.0002639260005046816,0.00013431096523723406,5.247696997086964e-06,0.00021641410002526135,0.0002430204038518173
"fBodyAccJerk-bandsEnergy()-1,24.2",0.0,0.0059582819092338256,0.0003397935054992649,0.000490989600965968,6.256224578610389e-05,0.0033581259046846566,0.0007043830059463297
"fBodyAccJerk-bandsEnergy()-25,48.2",0.0,0.0010747924928377797,9.096193547952242e-05,0.0008209955527015923,5.1657685777729766e-05,0.00020141187870236507,0.00027736305553738126
fBodyGyro-mean()-X,0.0,0.00011399431715727387,0.004827074569142457,0.008903162266800229,0.00015526640424114104,0.0003779522890298092,0.000504351476261591
fBodyGyro-mean()-Y,0.0,0.0003739938395883763,0.0006932859570071023,0.0013399891856028321,0.0008145509282001281,0.0005952055710388189,0.00036894699756101647
fBodyGyro-mean()-Z,0.0,0.0002915948977772242,0.0004915028826205671,0.0016686438840763623,0.00017351978691034983,0.0005093047978435899,0.0002645474710949184
fBodyGyro-std()-X,0.0,5.8612248588893184e-05,0.004604580784976883,0.01881218495612288,0.0001204981062276127,0.00036284797727137154,0.0007462661633329533
fBodyGyro-std()-Y,0.0,0.0004142108194557926,0.0007571882332366235,0.0011123384945314091,0.0037422678241581407,0.0005692577734216366,0.00013717456036871942
fBodyGyro-std()-Z,0.0,0.0006565030405384736,0.0008373774439677867,0.0012287794283451505,0.0005334138470516422,0.0015214476368347236,0.00026015404230411357
fBodyGyro-mad()-X,0.0,0.0006488961384340425,0.004660623572668391,0.010562264324477523,3.074257680969718e-05,0.00019443778231486132,0.001429493021552729
fBodyGyro-mad()-Y,0.0,0.00011033434085676307,0.0004558087268424243,0.001154420402280793,0.00013506783858966676,0.0011045749580268782,0.0001404347048262986
fBodyGyro-mad()-Z,0.0,0.00029212057518635155,0.0002699951300279222,0.0005807648456815257,0.00037952347599119215,9.085689886721773e-05,0.00021625187742902192
fBodyGyro-max()-X,0.0,0.0003704588189773661,0.0038831689153354452,0.00879411376174854,0.0003242518108225634,0.00016170984443444178,0.0009076368096023577
fBodyGyro-max()-Y,0.0,0.0001936326424454895,0.0007893800448133115,0.0011714160209991159,5.185652186266148e-05,0.0014401114193006428,0.0009784234224308969
fBodyGyro-max()-Z,0.0,0.0007333924227218358,0.0005820730611909038,0.0016834039971925646,0.0011101304721694307,0.002469887870506666,0.0009319875913154354
fBodyGyro-min()-X,0.0,5.065623290467928e-05,0.00021456617240088878,0.000931151772873429,8.744546742914246e-05,0.00015944052329693254,0.0001794370328326623
fBodyGyro-min()-Y,0.0,5.926785606541582e-05,0.00048109364520558556,0.00033441039465762276,0.0001503287373717268,0.00019301479325358674,0.00027086561028071503
fBodyGyro-min()-Z,0.0,7.875952860511974e-05,0.0008517550391238672,0.0016075040865550735,0.00010921649725899996,1.2971370332623003e-05,8.02551483744013e-05
fBodyGyro-sma(),0.0,0.00022624370708799316,0.00017174381523109384,0.00045921928782954446,1.4570784462042553e-05,5.4723767168596524e-05,7.693367198453767e-05
fBodyGyro-energy()-X,0.0,0.00038698230002195884,0.003711249733904695,0.009298108579602194,0.0005006349064648318,0.00031840901351277447,0.0004957217355346885
fBodyGyro-energy()-Y,0.0,0.0001704429591727072,0.0007050847260422266,0.0017753099875270784,0.0057788413470302655,0.000250014076194427,0.00044079683366440934
fBodyGyro-energy()-Z,0.0,0.00011400721881064191,0.00021598798175423564,0.001374489847699633,0.0021596099987299193,0.0007914804407819832,0.0007985268571690019
fBodyGyro-iqr()-X,0.0,6.089458955562612e-05,0.0014426339440638503,0.0030129266817861965,1.7485412843490506e-05,0.0002693822981012501,0.00027429502063533364
fBodyGyro-iqr()-Y,0.0,0.00017009857580627352,0.0003208382063074839,0.0004823162445455924,1.4467380312392551e-05,3.2900120148688294e-05,0.00013240151273439033
fBodyGyro-iqr()-Z,0.0,0.0002637285265755819,0.00037899946588676757,0.0009096915771974329,8.46807332018053e-05,5.8768548647140534e-05,0.00024113616199777143
fBodyGyro-entropy()-X,0.0,0.00018357105891754678,0.0042845716522268455,0.009181783789484605,0.0,3.37746794253518e-05,0.0003636404024139275
fBodyGyro-entropy()-Y,0.0,9.20030922631946e-05,0.0005171686254414757,0.0007978287999607691,0.0001342988695778392,0.00011310824988532801,0.0004004062207279912
fBodyGyro-entropy()-Z,0.0,0.00010621216508602335,0.0003675650132014306,0.0007213941319103275,0.00026761031545192206,5.18854446561159e-05,0.0001301437603393219
fBodyGyro-maxInds-X,0.0,0.004631904517329476,0.00025321470552727693,0.00031105669546195916,0.0,0.00015421400210946702,0.00011951725814417692
fBodyGyro-maxInds-Y,0.0,0.0008784976757082756,4.768769822084142e-05,2.4127719239725237e-05,0.0,0.005073997490785141,0.00026471048594131185
fBodyGyro-maxInds-Z,0.0,0.010931546443290729,5.349312039307243e-05,4.417951795349479e-05,0.0003605371999639035,0.017627860896915495,0.00041287548029198164
fBodyGyro-meanFreq()-X,0.0,0.0005777119722155663,0.007345561837834417,0.0054072537540552305,0.00011311336658768958,0.00016147282671533564,0.0005854566620066938
fBodyGyro-meanFreq()-Y,0.0,0.00026288530429106606,0.00032577767966127645,0.0008751683220184884,9.17465493366424e-05,0.0004894143830874687,0.00026906499154570363
fBodyGyro-meanFreq()-Z,0.0,7.358066480058541e-05,0.000318874534724476,0.0007983958959050515,0.00017436137656860214,0.0011118261937206485,8.677138731980783e-05
fBodyGyro-skewness()-X,0.0,0.00030665876988779134,0.0015943141144731468,0.0007860218224935308,9.275062786742242e-05,0.00030418031607369476,0.00027716707889447964
fBodyGyro-kurtosis()-X,0.0,0.00024682746137897086,0.0005973033444102481,0.0009634024114471621,0.0002067521554670309,0.00025972343273911457,0.00016915131388380123
fBodyGyro-skewness()-Y,0.0,0.0001850569281255901,0.00017981850635327872,0.00036035264907060963,7.685533554507969e-05,0.00150637410241147,0.0009399808158491962
fBodyGyro-kurtosis()-Y,0.0,5.611954369586459e-05,0.0003817290538055619,0.00046322919516651517,0.0003368398496170897,0.0013358718102591141,0.0011526190740314744
fBodyGyro-skewness()-Z,0.0,0.0006979459617728607,0.00020273674813690818,0.0005232845988247249,3.589717025811035e-05,0.0014992799399607373,0.0013136756635494045
fBodyGyro-kurtosis()-Z,0.0,0.0002561400150119248,0.0005344134128616117,0.0004260039743373439,0.00014188222833946064,0.0014597941750246284,0.002221919785272898
"fBodyGyro-bandsEnergy()-1,8",0.0,0.0003821268829877648,0.004609173818145902,0.00684137699085208,0.00036417579828904457,0.0001982953936900967,0.0018344658694412152
"fBodyGyro-bandsEnergy()-9,16",0.0,0.012804290133849356,0.004538631471732069,0.02018363093110798,0.00024865012242023367,0.0011708951588407389,0.00030553016561327915
"fBodyGyro-bandsEnergy()-17,24",0.0,0.003486186224887139,0.0004273782213644052,0.0005696863403991865,0.0002655208345953348,0.0008559013524298669,0.000554417357772437
"fBodyGyro-bandsEnergy()-25,32",0.0,0.0003166381529254823,0.00031936554649638217,0.0022341486852957408,4.242764405778641e-05,0.0002714634968173976,0.0004140661925070744
"fBodyGyro-bandsEnergy()-33,40",0.0,0.00047887957530169065,0.00064736695489729,0.004067861245595342,0.00010976921733974448,5.2972049447610476e-05,0.0004959140347703188
"fBodyGyro-bandsEnergy()-41,48",0.0,0.0002726075850943765,0.0009498317975286824,0.001098079089372651,0.0002697128762682934,6.026761140125464e-05,0.00034468123283587753
"fBodyGyro-bandsEnergy()-49,56",0.0,0.00023373810510238487,0.0002738246336890148,0.0006055044036609255,0.0,0.00015160697952528446,0.00010109535701321133
"fBodyGyro-bandsEnergy()-57,64",0.0,5.686403329562591e-05,0.0007844855823683414,0.0009068930584005561,0.0,0.00011105203834770429,0.00018866287993850187
"fBodyGyro-bandsEnergy()-1,16",0.0,0.00025787586981579813,0.006227434881764716,0.010131517212188561,8.20099790269536e-05,0.00030868646678849275,0.0011230802023660877
"fBodyGyro-bandsEnergy()-17,32",0.0,0.0032284915671504807,0.0003876578650061058,0.001959191258437632,0.0,4.829061340217177e-05,0.0005235729569846267
"fBodyGyro-bandsEnergy()-33,48",0.0,0.0005259825084791185,0.0005168781132898175,0.003035626282694193,8.888270039239131e-05,0.00038092112747784164,0.0008056883248855159
"fBodyGyro-bandsEnergy()-49,64",0.0,0.00010995844442904975,0.0010742640298535288,0.0006159515717948506,3.5305628342942444e-05,0.00016665875612837815,0.0003510915429481325
"fBodyGyro-bandsEnergy()-1,24",0.0,7.954299326445408e-05,0.005141481150001486,0.009586672130072285,0.0003834237274658694,0.00015638115229741243,0.0008776562497991298
"fBodyGyro-bandsEnergy()-25,48",0.0,0.00028133534132914563,0.00025663074993749463,0.0011201566372230957,0.0004266764653652202,0.000219250921281308,0.0002951908572330781
"fBodyGyro-bandsEnergy()-1,8.1",0.0,0.0002610030241974691,0.0012688432731173872,0.0010528651837342093,0.00045523738424825495,0.0005953754313286179,0.0006926914070873433
"fBodyGyro-bandsEnergy()-9,16.1",0.0,0.00016775856556218124,0.0003743688485221899,0.00032578464080775335,4.813859937819085e-05,0.00017052498721734227,0.00039891427408082655
"fBodyGyro-bandsEnergy()-17,24.1",0.0,0.0001373044763532755,0.00020269793494767123,0.0005024041615256734,0.0,6.112688611018239e-05,0.00016916732017967836
"fBodyGyro-bandsEnergy()-25,32.1",0.0,0.00033694314151811225,0.0006198014850175618,0.00030285551323828487,9.547540055234276e-06,0.0005124723330441223,0.00029148489309687033
"fBodyGyro-bandsEnergy()-33,40.1",0.0,8.973492041039335e-05,0.0003887326407713948,0.0006428886673388454,0.0,0.00010219685356436808,0.0003118433033806871
"fBodyGyro-bandsEnergy()-41,48.1",0.0,0.00011811742306781888,0.0004528707156303552,0.0005785455407339223,1.041311293256257e-05,0.00017936647749246178,0.0001524270619406986
"fBodyGyro-bandsEnergy()-49,56.1",0.0,8.570304789593882e-05,0.00020206749568557587,0.0003513251862896755,0.0,3.31858529499537e-05,0.00010755476278900578
"fBodyGyro-bandsEnergy()-57,64.1",0.0,0.00011558560368276214,0.00029561077728298393,0.00037142482201854424,3.0855523293264286e-05,9.80067994451725e-05,0.0003692573500785169
"fBodyGyro-bandsEnergy()-1,16.1",0.0,0.00011437087986940096,0.002219487915099738,0.0011979829123761538,0.0020450987045549647,0.000473302702202029,0.00037889555740193534
"fBodyGyro-bandsEnergy()-17,32.1",0.0,0.00015304499885748413,0.0003420709472010494,0.0008866988851768894,1.458610712921598e-05,0.0010521825389006383,0.00029559956777320455
"fBodyGyro-bandsEnergy()-33,48.1",0.0,9.367589916414912e-05,0.00037078156610560986,0.0003908472425284077,4.2987135621735515e-05,0.00013249063947569354,0.00031536741394781574
"fBodyGyro-bandsEnergy()-49,64.1",0.0,0.00014707321566483837,0.0001680881111325496,0.00023615149781114401,2.950073564692134e-05,8.54616157197657e-05,6.004771707040361e-05
"fBodyGyro-bandsEnergy()-1,24.1",0.0,0.0001626363753875066,0.00039182666128176493,0.002930226110618049,0.0002865214019746685,0.0003155700573746722,0.00032829895371208986
"fBodyGyro-bandsEnergy()-25,48.1",0.0,0.00027983989109196236,0.0006279992624373781,0.0010037991108355385,1.3833434160112927e-05,0.0004246430670269831,0.00042068446710879094
"fBodyGyro-bandsEnergy()-1,8.2",0.0,0.0005456780739338362,0.0006158334403481476,0.0014631726405097392,0.0003776399797499052,0.002727157858780348,0.001618614384489391
"fBodyGyro-bandsEnergy()-9,16.2",0.0,0.00041831095158225887,0.0001432411726738251,0.0003083965111688319,0.0019314055725807822,0.00031285969958700933,0.004246884269559936
"fBodyGyro-bandsEnergy()-17,24.2",0.0,0.0003008816218790693,0.002651085499341982,0.001395130441156072,1.2899625281609765e-05,0.0003496790062762009,3.43449756329917e-05
"fBodyGyro-bandsEnergy()-25,32.2",0.0,0.0004489449534081709,0.0010550456012085143,0.0007867546811397342,6.32774754304863e-05,0.0001693893961704295,0.0003279315740854433
"fBodyGyro-bandsEnergy()-33,40.2",0.0,0.00017648536650355013,0.00042994135630057556,0.0006869153391853433,7.882517213201523e-06,1.8062490248088633e-05,0.0004020547343026714
"fBodyGyro-bandsEnergy()-41,48.2",0.0,0.00018354862280079066,0.0005025618443585719,0.0012875010262411416,4.4431434345598376e-05,0.0001265669222474602,0.00033064987605446766
"fBodyGyro-bandsEnergy()-49,56.2",0.0,7.444508275134296e-05,0.0030756350650746824,0.0019057295125054499,1.625995501327291e-05,0.00020203700423664767,0.0002314081231622653
"fBodyGyro-bandsEnergy()-57,64.2",0.0,3.0418632263126978e-05,0.0008570853226976434,0.0017417102961355603,5.933520131417648e-06,5.2116582903576556e-05,0.00019945243467659477
"fBodyGyro-bandsEnergy()-1,16.2",0.0,0.00025435844514222364,0.0027621389125358593,0.0015077297208319711,0.000291990353302531,0.0016374477760047945,0.000678879067950895
"fBodyGyro-bandsEnergy()-17,32.2",0.0,0.000357345185049934,0.00147937559876203,0.0018622127402505699,5.0454214983880526e-05,0.00019298814765509074,0.0001584625862005449
"fBodyGyro-bandsEnergy()-33,48.2",0.0,0.00016314296804646023,0.000555574706335554,0.0015866803127962549,6.590275472423804e-05,0.00018878738400933057,0.00029276747567381597
"fBodyGyro-bandsEnergy()-49,64.2",0.0,4.440220715162388e-05,0.0026952941856985342,0.0011874574541757184,6.29457888760238e-05,0.00029519400109789405,0.00010932677972305853
"fBodyGyro-bandsEnergy()-1,24.2",0.0,0.00017333182095441438,0.0005700944835183065,0.0002781899513381887,0.0002279136378051932,0.0007586738856176733,0.0010766997976581513
"fBodyGyro-bandsEnergy()-25,48.2",0.0,0.0002814158618954458,0.0027330015473638475,0.0011583550015629065,0.0,0.0003290156369202183,0.0003279622642585884
fBodyAccMag-mean(),0.0,0.0015284579140814878,0.008116991799101336,0.0008584718257403594,9.782433086465967e-06,0.0040859612209057285,0.03275344482771444
fBodyAccMag-std(),0.0,0.026806112640640593,0.0061218976090149525,0.0003606404938647338,0.0,0.002821696241584649,0.0342595177304025
fBodyAccMag-mad(),0.0,0.01584637295784808,0.006171615162527726,0.0006366079352164374,0.0,0.005494450600354553,0.03965795306132161
fBodyAccMag-max(),0.0,0.015454091818972344,0.00022851655270528855,0.00032526070693037775,0.0001233379724703887,0.002900510288908312,0.004390468233100031
fBodyAccMag-min(),0.0,0.00010556103888638073,0.00028655084582122534,0.0003845711195071893,2.759313128188775e-05,4.521794027907722e-05,0.00012103264874722634
fBodyAccMag-sma(),0.0,0.0030314326744945597,0.004632742455556008,0.00030544647051748415,2.478893988327951e-05,0.003874570137381897,0.029471649464760302
fBodyAccMag-energy(),0.0,0.008415786327002255,0.0023061703707458244,0.0007634312294575089,2.372717210846707e-05,0.005271075751022675,0.03228141348594951
fBodyAccMag-iqr(),0.0,0.0007755278643427938,0.0006733353106838266,0.0005874378664291113,0.0,0.000779731727857838,0.0038898388301159296
fBodyAccMag-entropy(),0.0,0.0031096892817411535,0.00011383097857001116,0.00020873153262187621,0.0,0.0010168026807976867,0.018281612452944337
fBodyAccMag-maxInds,0.0,0.0005540924272120372,0.00011657729546246651,0.00013146186279166885,0.0,0.0017160374444735514,0.00019013608311106012
fBodyAccMag-meanFreq(),0.0,0.006281251270999515,0.0002040170505129167,0.00019228135939464126,8.037825957775353e-05,0.0012855493945295652,0.0032980492198033265
fBodyAccMag-skewness(),0.0,0.00039248917769570986,0.00022354687503503583,0.0002822415982557552,5.669070589628805e-06,0.00029755512993297255,0.0003109356381016929
fBodyAccMag-kurtosis(),0.0,0.00033627360499257914,0.0004716421750762006,0.0005023904998816288,0.0,0.0004109914817477007,3.7949421039147495e-05
fBodyBodyAccJerkMag-mean(),0.0,0.00011373139592390958,0.00012823453927181903,0.00032660892212485297,4.2687176423735565e-05,0.0034731230865433426,0.00022805681562680405
fBodyBodyAccJerkMag-std(),0.0,0.0013877091728735041,0.00026414531198559873,0.00021363368351034367,0.0,0.011372930065791332,0.0013219135187170286
fBodyBodyAccJerkMag-mad(),0.0,0.00012377634918462802,0.00011170509169149422,0.00024677045195101405,2.9795967120193728e-05,0.0007543433835408805,0.001230009241428066
fBodyBodyAccJerkMag-max(),0.0,0.012631170388231637,0.0006728774574647965,0.000384999370969014,0.00017918610517908567,0.005245095942419033,0.0037388441363359914
fBodyBodyAccJerkMag-min(),0.0,3.795025457372965e-05,0.00020087279487442935,0.000389787766085912,4.1396276136777995e-07,1.983033578860537e-05,0.0002459343106986865
fBodyBodyAccJerkMag-sma(),0.0,0.00015877390793123984,0.0004984176767879807,0.0002903723166572052,3.7775823472977224e-06,0.0004466795538399545,6.716723330401481e-05
fBodyBodyAccJerkMag-energy(),0.0,0.00017558363069533744,0.00010045906848263148,0.0003410605750407901,0.0,0.0036800995380833973,0.0038331651137891542
fBodyBodyAccJerkMag-iqr(),0.0,0.0006477108112353208,0.00036686239139139247,0.00019627014329528784,0.001827403437557852,6.415664300643724e-05,0.00407469775984317
fBodyBodyAccJerkMag-entropy(),0.0,0.0001066526854033811,5.585384149881599e-05,7.629229460586297e-05,0.0,6.7669305407699e-05,0.00018815186126116298
fBodyBodyAccJerkMag-maxInds,0.0,3.4673249836442555e-05,0.00022021788103599615,0.00033215174067732214,3.118956656121831e-05,0.0002645732032935484,6.517112562886169e-05
fBodyBodyAccJerkMag-meanFreq(),0.0,8.61441782060732e-05,0.0004494141711427583,0.0002618508503207688,0.0,7.741715573416761e-05,0.000455127147692729
fBodyBodyAccJerkMag-skewness(),0.0,0.0006179292294877258,0.0001411067687436811,0.0001203414682093594,4.0502630040911755e-05,0.0013235516853456332,0.0002535578955013291
fBodyBodyAccJerkMag-kurtosis(),0.0,0.0006482494274002249,0.0002838779831805408,8.953501446414096e-05,0.0,0.0009318631397337383,0.0001446779648389792
fBodyBodyGyroMag-mean(),0.0,0.0003872027862798328,0.00024709680390363055,0.0005344460741339628,1.0343787696019297e-05,0.00023841126294341994,0.0002862558514956893
fBodyBodyGyroMag-std(),0.0,0.00025593977439237906,0.00024488857656232687,0.0005927363555096554,7.684404066623405e-05,0.0005594603515461044,0.0003057588691752194
fBodyBodyGyroMag-mad(),0.0,1.9664163241162985e-05,0.0003857494497646377,0.00130635548537988,0.00010779108331960072,0.002371526924717108,0.0002945814061194429
fBodyBodyGyroMag-max(),0.0,0.00010752822370973775,0.0003253871394255234,0.001110533191560003,0.0,0.0002713291873617419,0.0001524854874610251
fBodyBodyGyroMag-min(),0.0,4.3145667928482964e-05,0.0006067156593803188,0.0007064145435671007,3.3598283993860633e-05,6.051711124042404e-05,9.58110464658799e-05
fBodyBodyGyroMag-sma(),0.0,3.466102428670378e-05,0.0001328094716174782,0.0005006586513846086,0.0,0.00018699278217119088,8.635750661931177e-05
fBodyBodyGyroMag-energy(),0.0,0.0003096790681547631,0.00031956769865067,0.0012586653276152368,1.4879266931981721e-05,0.00020695376695713656,0.0001143842503837004
fBodyBodyGyroMag-iqr(),0.0,6.851954373583927e-05,0.00022448215444610548,0.0002855164223739086,8.998346741973898e-05,0.00019029558605389085,5.307548683914948e-05
fBodyBodyGyroMag-entropy(),0.0,4.757250109047243e-05,4.659484218924595e-05,0.0002560030287681434,5.06178813830488e-05,0.00016646100989762449,0.00015689174853766714
fBodyBodyGyroMag-maxInds,0.0,0.003563970894936868,0.0002320133576541033,6.837598574376677e-05,0.0,0.0001578618436684472,0.00043401415561741954
fBodyBodyGyroMag-meanFreq(),0.0,0.0027401073165198935,0.0003875557672381048,0.0008517782473983404,1.353084954799862e-05,0.0027794080106650887,0.00014165186796765707
fBodyBodyGyroMag-skewness(),0.0,0.0003637256257906472,0.0006760882514074431,0.0008629609096196654,3.4478265401855526e-05,0.00023790919450234206,0.00020738484117327808
fBodyBodyGyroMag-kurtosis(),0.0,0.0003631841224605544,0.0004350132407668872,0.0005514658106901296,0.0001338125939758752,7.18824298476341e-05,0.00017528418083224352
fBodyBodyGyroJerkMag-mean(),0.0,0.00010720860197160259,0.00028142915530924716,0.00044379236810388405,0.00012820556107917262,0.00015109745862056242,7.445771324782274e-05
fBodyBodyGyroJerkMag-std(),0.0,0.0036661251999207107,0.0005006012912519843,0.002030166899513542,2.9281589435407428e-05,0.002894118183282706,0.0002728053092226568
fBodyBodyGyroJerkMag-mad(),0.0,0.00016414255740252435,0.0006727170032580429,0.0022776617591199404,4.514793546648483e-05,0.0006362724794760276,0.00013352832843689804
fBodyBodyGyroJerkMag-max(),0.0,0.003976218409853296,0.00037122624551380276,0.0003733051623976032,0.0,0.0009614619044389893,0.00016958008857013694
fBodyBodyGyroJerkMag-min(),0.0,4.055570466678003e-05,0.00011100763003738259,0.0002597516350256767,0.0,0.00013200331637715362,0.0001255964052749637
fBodyBodyGyroJerkMag-sma(),0.0,0.00022485269196823813,0.00047419055638102294,0.00023562235169827535,3.442347829157552e-05,4.688748712864179e-05,3.098839557019963e-05
fBodyBodyGyroJerkMag-energy(),0.0,0.0006376531505771299,0.00029518774904963214,0.00031230699435513224,9.65357985340024e-05,0.0005634019724599465,0.00011087627792207103
fBodyBodyGyroJerkMag-iqr(),0.0,2.1182950327700398e-05,0.0002039104048684859,0.00016952559040982543,0.0,0.00028726577599456053,0.0002634637282812121
fBodyBodyGyroJerkMag-entropy(),0.0,4.431009314162435e-05,0.000341727904813071,0.0024528778851183046,0.0,0.0006432303117862353,0.0001786075701466476
fBodyBodyGyroJerkMag-maxInds,0.0,0.00016806810580324443,0.00013498856941607086,0.00013741720173562346,0.0,9.327847012508214e-05,3.761122219935211e-05
fBodyBodyGyroJerkMag-meanFreq(),0.0,0.0001185484407708122,0.0003034876505531424,0.0005319206757872029,6.570269109570337e-06,0.00015149892870790774,0.0001700939011515888
fBodyBodyGyroJerkMag-skewness(),0.0,0.0014373297108702316,0.0001432942051122461,0.0003602859561925612,0.0,0.00019085261459515955,0.0011253893667886076
fBodyBodyGyroJerkMag-kurtosis(),0.0,0.0028245519909902194,0.00021348655698990253,0.0006229060691807286,0.0,0.0001616447629901218,0.0006355293813195704
"angle(tBodyAccMean,gravity)",0.0,0.00012027661698457714,0.00020721830176051513,0.000369403765684517,1.0374744877433857e-06,6.599209254768649e-05,0.0001798502881428118
"angle(tBodyAccJerkMean),gravityMean)",0.0,5.8830337072202165e-05,0.00022524105321078362,0.00032654715408520955,4.174495824842287e-05,9.851967260507963e-05,0.00021419203952074972
"angle(tBodyGyroMean,gravityMean)",0.0,0.0002033318994206807,0.0006694372527774483,0.001720407686276933,1.167000536434649e-05,0.0005023536960963458,0.0005286668195384755
"angle(tBodyGyroJerkMean,gravityMean)",0.0,8.804529937273098e-05,0.0023248741272590464,0.0010242369332884708,4.754455056988472e-06,4.890938226011491e-05,0.00020617162478004736
"angle(X,gravityMean)",0.0,0.0013613521369641426,0.025405465813756592,0.02164689877989748,0.0966330822849173,0.007774203307330004,0.00168523187129655
"angle(Y,gravityMean)",0.0,0.0005485444018907009,0.03570054597509105,0.04452552718416189,0.03622251804956759,0.017962238108976115,0.002812351149075017
"angle(Z,gravityMean)",0.0,0.00018534889555824825,0.02265976006241107,0.01251225188168103,0.020037833880268963,0.0017091438742313147,0.0007343456536046125
subject,0.0,0.00017240128061122507,0.001521063680088676,0.0012957023093749453,0.0001780223878961982,0.0013644587611321925,0.0009495615463017727
is_dynamic,0.0,0.0,0.0,1.1149304793713483e-05,0.0018321618261416559,0.00015441848099080735,0.0
